it-life-hack	0		旧式Macで禁断のパワーアップ！最新PCやソフトを一挙にチェック
it-life-hack	0		アップル、デベロッパプレビューをリリース！次期Mac OS X「Mountain Lion」が明らかに
it-life-hack	0		サービス終了後はどうなる！電子書籍は永遠に読めるのか
it-life-hack	0		ウェブページのイメージを丸ごと取り込むワザ
it-life-hack	0		レノボ、プロゴルファーの斉藤愛璃選手とオフィシャル・スポンサーシップ契約を締結
it-life-hack	0		ドコモ7.8mmの有機ELスマホ開発！スリムボディのスマートフォン「docomo NEXT series P-04D」
it-life-hack	0		忘れそうになってた！孫社長の格言的な言葉が話題
it-life-hack	0		Macの次期OS「Mountain Lion」の真の狙いとは？ 
it-life-hack	0		高品質なレッツノートの工場！開発現場並みの検査施設
it-life-hack	0		ネットで気軽にフォトブックの編集注文ができる！「ドリームページ」のレビューアーを30名募集
it-life-hack	0		Appleとの一騎打ちに死角？スマホシェア1位Samsungが抱える激動の2012年
it-life-hack	0		深くお詫び申し上げます！探検ドリランドの一部機能を停止
it-life-hack	0		世界を選んだ写真家たち！RING CUBE写真展「OVERSEAS 2012」を開催
it-life-hack	0		脳トレしたい人にオススメ！NumberLink – Sudoku style game
it-life-hack	0		何よりも大切な宝ですね！孫社長の幸せ発言がネットで話題
it-life-hack	0		驚くほど長寿命な無線式！3年半も電池交換が不要なマウス
it-life-hack	0		プレミアムなUltrabookが登場！ガラスを多用したノートパソコン
it-life-hack	0		USB機器を家族で使える！無線LAN対応USBデバイスサーバー「WN-DS/US」のレビューアーを募集
it-life-hack	0		Excelの新規ファイルにムダなシートを作らない
it-life-hack	0		周波数の単位に関係あり！Googleロゴが波のアニメの理由
it-life-hack	0		戦国武将が勢揃い！戦国RPG 真・戦国バスター
it-life-hack	0		美しさが際立つ新Xperiaが発売へ！ドコモ、Xperia NX SO-02Dが凄い
it-life-hack	0		知らない人は宝の持ち腐れ！隠し機能を利用できる神アプリを解説 - Mac必須アプリ (4)
it-life-hack	0		今もっとも注目の「Ultrabook」が20台貰えるレビューアー募集！活用サイト「Ultrabooker.jp」がオープン記念
it-life-hack	0		国内最速クラスの下り最大75Mbps！イー・モバイル、次世代モバイル通信「EMOBILE LTE」が凄い
it-life-hack	0		3秒でわかる！イー・モバイル、次世代モバイル通信「EMOBILE LTE」対応端末を一挙紹介
it-life-hack	0		毅然とした態度で臨んでいく！グリー田中社長が訴訟の判決にコメント
it-life-hack	0		タダ者じゃない！7インチタブレット「eden TAB」の魅力をさぐる
it-life-hack	0		米テレビ番組がiPhone工場に潜入！
it-life-hack	0		手ぶらでタブレット！これぞ本当の自由を実現するモバイル活用アイテム登場
it-life-hack	0		Word書類の余白が空きすぎてカッコ悪いときに調整する方法
it-life-hack	0		PSPソックリのAndroid端末が登場！レッドスター、携帯ゲーム機「JXD 5000」を販売へ
it-life-hack	0		その前にやることあるだろ！孫社長の画期的な構想に賛否両論
it-life-hack	0		Webページを丸ごと取り込むワザ！知っているとお得なパソコン快適術
it-life-hack	0		ついに本日、発売開始！パナソニック、最強カスタマイズの「レッツノートSX1」開封レポート
it-life-hack	0		Macの隠し機能を使うアプリ！長寿命の無線マウスから最新PCまで一挙紹介
it-life-hack	0		話題のスマホの駆動時間をのばす！ドコモ REGZA Phone T-01用大容量バッテリー
it-life-hack	0		おはこんこん、ふぉっくす紺子です！オリジナルグッズがアキバ進出だよ
it-life-hack	0		官民連携で進化するセキュリティ人材の発掘・育成 
it-life-hack	0		キンドルの3G回線は無料で使える！書籍購入以外にも使い放題
it-life-hack	0		Excelで8桁の数字をまとめて日付データにする
it-life-hack	0		ドコモ、薄さ6.7mmの極薄スマホを発売へ！ドコモ、「MEDIAS ES N-05D」が凄い理由
it-life-hack	0		海外でも快適インターネット！KDDI、「au Wi-Fi SPOT」のサービスを拡充
it-life-hack	0		大人のユーモア、大人の対応ですね！孫社長が自分の髪の毛にコメント
it-life-hack	0		物語で英語力アップ！オーディオ電子書籍「Alice’s Adventures in Wonderland」
it-life-hack	0		関西エリアが予感させる、「auスマートバリュー」の破壊力と可能性
it-life-hack	0		ソーシャルゲームは他と何が違う？高収益を上げるゲーム会社とは
it-life-hack	0		iPhone ・iPadがハイビジョンテレビに！次世代ルーターとテレキングの裏技
it-life-hack	0		製造業界に激震か！国内唯一のDRAMメーカーであったエルピーダが倒産
it-life-hack	0		ハイスペックのグラフィックスを搭載！マウスコンピューター、コスパに優れた高性能ゲームPCを発売
it-life-hack	0		賞品がもらえるコンテストも応募受付中！zigsow、「やってみよう！オーバークロック」がスタート
it-life-hack	0		新感覚UIを体験せよ！今話題のTODOリストアプリ「Clear」
it-life-hack	0		入社3年後の定着率9割以上！孫社長の雇用発言がネットで話題
it-life-hack	0		ついに発売日が決定！有機ELスマートフォン「DELL Streak Pro 101DL」が凄い
it-life-hack	0		ウルトラブックとは一体何なのか？パソコン市場は縮小するのか
it-life-hack	0		iPhone動画のムダをトリミングして飽きさせない
it-life-hack	0		今日はそういう日だったのか！Googleロゴが歌うカエルである理由
it-life-hack	0		電波監理審議会が答申！プラチナバンド900MHz帯はソフトバンクへ
it-life-hack	0		テレビの高画質化は誰のため？コンテンツが性能に追いつかない
it-life-hack	0		日本・香港・欧米の3カ国の違いを堪能！「OVERSEAS 2012」世界を選んだ写真家たちの写真展
it-life-hack	0		ついに発売日が決定！オリンパス、マイクロ一眼「OLYMPUS OM-D E-M5」の凄いところ
it-life-hack	0		タッチにも対応！ワコム、プロ向けペンタブレット「Intuos5」 が凄い
it-life-hack	0		「ゴミ箱に入れるだけ」ではない！アプリ関連ファイルの削除を確実に - Mac必須アプリ (5)
it-life-hack	0		スマホもバッテリーパックもコレ1台でOK！欲張りなマルチ充電器
it-life-hack	0		最近使ったファイルをキー操作だけで素早く開く
it-life-hack	0		サムスンがテーブル型PCを投入！Surface 2.0を搭載するPCの魅力
it-life-hack	0		高性能なデジタル一眼が登場！キヤノン、「EOS 5D Mark III」が凄い
it-life-hack	0		すげー、資料にはまだ髪がある！孫社長「記念すべき日になりました」
it-life-hack	0		知って得する虎の巻テクニック集！スマホやパソコンを便利に使おう
it-life-hack	0		女子のすこやかな成長を祈る日！Googleロゴがひな祭りのひな壇に
it-life-hack	0		Mac必須アプリの使いこなし術！パソコンの最新情報をチェック
it-life-hack	0		人気のスマホに強い味方！ドコモ GALAXY S II SC-02C 大型大容量バッテリー
it-life-hack	0		Androidを狙うウイルスが急増！スマホに迫る悪質なアプリ 
it-life-hack	0		もう糞アプリとは呼ばせない！これはもはや芸術だ
it-life-hack	0		スマホ対応も進んで続々と機能アップ！進化するクラウド型ストレージサービス
it-life-hack	0		Excelの表作成がもっと快適になるキー操作を覚えよう
it-life-hack	0		またひとつサービスが消える！ドコモwebメールを終了する理由
it-life-hack	0		人の役に立ってお小遣いも稼げる！責任者が語る「NAVERまとめ」の魅力
it-life-hack	0		日本を思う気持ちがあると思えない！孫社長 大人の対応がネットで話題
it-life-hack	0		マルチデバイスでしおりを同期！電子書籍の便利な機能
it-life-hack	0		Win7でSkypeを多重起動するには？　Skypeの起動オプション設定
it-life-hack	0		USB3.0対応で爆速データ転送！　9倍速のリーダー／ライター登場
it-life-hack	0		クアッドコアのFusion APU搭載！デスクトップ代わりになるLenovoの新型ノート
it-life-hack	0		次世代セキュリティソフト「ノートン360 v6」を徹底検証！ITライフハック編集長が使ってみた
it-life-hack	0		ネットがなくても動画がスイスイ見られるスグレモノ
it-life-hack	0		やっぱりiPad3に間に合わせる為？孫社長がSB銀座旗艦店を必死に宣伝
it-life-hack	0		次の名前はiPad 3？新しいiPadの機能はどうなる
it-life-hack	0		有線スピーカーがBluetooth対応に！ロジクール ワイヤレススピーカーアダプターを限定発売
it-life-hack	0		タスクバーに不要なアイコン通知は表示しない
it-life-hack	0		メモリ上に残るゴミをすっきり！MS純正メモリー開放ツール
it-life-hack	0		聞こえてきたIVY Bridgeの足音！GIGABYTEがCeBIT 2012でIVY Bridge対応マザーを展示
it-life-hack	0		復興支援ありがとう！孫社長 復興支援の協力に賞賛の声
it-life-hack	0		危険なのはWindowsだけではない！無料のセキュリティソフトを活用する - Mac必須アプリ (最終回)
it-life-hack	0		128GBのBDXL対応ドライブが登場！最小・最軽量のポータブルドライブ
it-life-hack	0		“3”も“HD”もなかった！　製品名は何と新しい「iPad」
it-life-hack	0		次世代22nmプロセッサー対応「Z77X-UD5H」マザーボードの魅力をさぐる
it-life-hack	0		Windows＆LinuxのデュアルOS！ Thinkpad X1 Hybrid　3/9より発売開始！
it-life-hack	0		今日はそういう日だったのか！Googleロゴが変わっている理由
it-life-hack	0		トラブル回避策も不発！SSDを交換したものの…インテルSSD 520をMacに装着 （下）
it-life-hack	0		ありそうでなかった便利グッズ！iPad2用バッテリー内蔵ケース
it-life-hack	0		快適化前に最低限しておきたい設定
it-life-hack	0		HTPCも作れるMini-ITXマザー登場！ZOTAC D2700-ITX WiFi Supreme
it-life-hack	0		ホットピンクの天板がまぶしいっ！ ASUSTeKが春モデルノート第2弾を発表
it-life-hack	0		アメリカのアプリランキングで人気！直感的な操作でハマル「Fancy Pants」
it-life-hack	0		新型iPad情報でビンゴも！ITのいまを伝える【デジ通】まとめ読み
it-life-hack	0		人気のスマホに強い味方！ドコモ GALAXY NEXUS SC-04D用大容量バッテリー
it-life-hack	0		新型iPadの話題で持ち切りだった今週のIT業界
it-life-hack	0		おはこんこん、ふぉっくす紺子です！アキバで流れる動画が決まりました
it-life-hack	0		日経新聞のiPad専用アプリが登場！新聞の読み方はどう変わるのか
it-life-hack	0		スマホ初心者女子大生がドキドキ、パーソナルクラウド初体験
it-life-hack	0		トラブル解決に役立つMSのサイト！Windows Sysinternals TechCenter
it-life-hack	0		女子部必見！Peachyアプリが10万ダウンロードを突破
it-life-hack	0		これを付ければ速くなる！？　AMDプラットフォームに最適化されたメモリー登場
it-life-hack	0		現実的では無い！孫社長 Twitter読者の発言に反論
it-life-hack	0		検出率9割超はごくわずか！Android用アンチウイルスソフトの比較テスト 
it-life-hack	0		新しいiPadでわかったLTE 新サービス開始当初の混乱期
it-life-hack	0		いつでもどこでもUltrabook生活！HP「Folio13-1000」のレビューア3名を募集
it-life-hack	0		何これ欲しい！のキーボード登場！　エレコムのレーザー投影式キーボード
it-life-hack	0		もちろん見てきました！デルがはなつUltrabookの本命！写真で見てもカッコイイ「XPS 13」
it-life-hack	0		日本のサイバー犯罪捜査は変革を迫られている 
it-life-hack	0		WordやExcelでよく使うコマンドをワンクリックで実行する
it-life-hack	0		不便なブックマークよさよなら！　俺はライフリストでブクマを管理するぜ！
it-life-hack	0		FBのカバー部の見栄えをカッコ良く！「Facebook Cover Designer」
it-life-hack	0		最新のFirefoxが登場！　Firefox 11日本語版が公式リリース
it-life-hack	0		なるほど、そういうことか！Googleロゴが折り紙である理由
it-life-hack	0		「隠れSATAポート」を活用！eSATAによる外付けに挑戦 - 続インテル SSD 520をMacに装着 (上)
it-life-hack	0		DropboxはLAN DISKで管理する時代へ！複数Dropboxアカウントをまとめて利用する方法
it-life-hack	0		タスクマネージャーよさらば！　プロセスが手に取るようにわかる「Process Explorer」
it-life-hack	0		一風変わった動きが新鮮！ブロック系ゲームStar＊Burst 
it-life-hack	0		未来の名プログラマーを育め！中高生150名がアプリ開発にチャレンジ
it-life-hack	0		なんという豪華キャスティング！ニコニコ超会議スーパーステージの出演者を発表！
it-life-hack	0		これが次世代スマートフォン！ドコモ「Xperia acro HD SO-03D」開封レポート
it-life-hack	0		かなり使えるiOSの音声認識！使ってみたい新しいiPadの音声認識機能
it-life-hack	0		2200mAhでわずか65g！GALAXYを最強にするバッテリー内蔵ケース
it-life-hack	0		ウィンドウを閉じずにデスクトップのアイコンを操作するマル秘ワザ
it-life-hack	0		現場の一瞬を切り取り番組の裏側を伝える！日本テレビ「ZERO写真展」を開催
it-life-hack	0		CDケース大にSandyBridgeを搭載　ZOTACの新型コンパクトベアボーン
it-life-hack	0		Windowsをより快適に使うノウハウ集
it-life-hack	0		スマホが使える時間をのばす裏技！激安のモバイル大容量バッテリー
it-life-hack	0		先週気になったニュースや話題を振り返る「ITフラッシュバック」
it-life-hack	0		CPUもGPUも祭だワッショイ！GIGABYTE板祭でマザボ＆グラボのレビューアーを大募集
it-life-hack	0		おはこん、ふぉっくす紺子です！紺子グッズ第二段も進んでるよ
it-life-hack	0		英語の音声認識で英会話練習 自分の発音を客観的に知る方法
it-life-hack	0		ウィンドウズ製品を有効活用しよう！新たにスタートした「feel Windows」の魅力
it-life-hack	0		韓国・台湾に続くのは中国！世界に躍り出たZTEの日本侵食は避けられない
it-life-hack	0		脳も疲れない気がする！孫社長 新iPadを大絶賛
it-life-hack	0		ウェブセキュリティの向上を目指すOWASPとは 
it-life-hack	0		ソニーのモノ造りの健在を体感できる！技術をぎゅーっと凝縮したソニーのDSC-WX100
it-life-hack	0		待ってましたのGPUが発売！新型Radeon HD搭載カードが続々登場中
it-life-hack	0		Excel表のデータの合計値を計算式を使わず表示する方法
it-life-hack	0		春分の日のトリビア！Googleロゴがイラストである理由
it-life-hack	0		SSDのフォーマットに注意！ eSATA対応外付けケースを活用 “続インテル SSD 520をMacに装着” （中）
it-life-hack	0		新ビジネスやワークスタイルを紹介！企業を商品で繋ぐ「zigBiz」で新コンテンツを配信
it-life-hack	0		できないことができる！？通常では解消できない断片化を解消してくれる「PageDefrag」
it-life-hack	0		SNSも動画の時代へ！自動でカッコ良く動画編集＆投稿できるviddy
it-life-hack	0		総勢20名を大募集！「feel Windows」オープン記念第一弾のレビューアー募集中
it-life-hack	0		PCレスで地デジ視聴！地デジチューナー搭載の無線LANルーター
it-life-hack	0		泣くとかじゃなくこれはヤバイ！鉄拳のマンガにネット住民号泣
it-life-hack	0		その圧倒的な画面の美しさ！新しいiPadは絶対買い 
it-life-hack	0		スマホからもアクセスできるNAS！アイ・オー・データ機器の高速NASのレビューアー10名を募集
it-life-hack	0		HDD内を徹底調査！PageDefragのお供に最適なDiskView
it-life-hack	0		リミッター解除のグラボ登場！MSIよりクロックアップの制限を解除したRadeon HD 7970搭載カード
it-life-hack	0		23カ国のiTunesランキングを動画でチェック！
it-life-hack	0		我が家の電波状況も良くなるかな？孫社長 格言的な言葉が話題
it-life-hack	0		新iPad時代の定番はコレだ！iPhoneとiPadを同時充電＋ステレオスピーカー内蔵スタンド
it-life-hack	0		先頭行を固定したままスクロールするには？−−今さら聞けないExcelワザ
it-life-hack	0		SSDでMacの起動は爆速化！ しかし限界も… 続・Intel 520 SSDを旧Macに装着 （下）
it-life-hack	0		さらばFermi！Keplerアーキテクチャ採用のGPU NVIDIA GeForce GTX 680登場
it-life-hack	0		Kepler搭載製品が登場！MSIやZOTACよりNVIDIA GeForce GTX 680カード
it-life-hack	0		そういうことか！Googleロゴが絵画である理由
it-life-hack	0		デジタル機器の使いこなしから話題のネタまで【デジ通】一気読み
it-life-hack	0		auのスマホに強い味方！KDDI au ARROWS Z ISW11F用スタンダード大容量バッテリー
it-life-hack	0		コペルニクス的転回的なGPU登場！ITニュースの1週間を振り返る
it-life-hack	0		ドコモのスマホに強い味方！ドコモ MEDIAS PP N-01D用大容量バッテリー
it-life-hack	0		ネット時代の便利サイト！PCのお気に入りをタブレットで使う技
it-life-hack	0		最近使ったファイルを素早くスタートメニューから開く
it-life-hack	0		株価・国債・為替、何でもチェック！超便利なブルームバーグのiPadアプリ
it-life-hack	0		ゲーム感覚でアメリカの地理が学べる！全米アプリランキング教育部門で2位獲得の「Stack the States」
it-life-hack	0		写真魂のバトンリレー！GRデジタルをバトンに若き写真家たちの駅伝写真展がスタート
it-life-hack	0		あえてFermiを狙う！ KeplerではなくFermiで幸せになる！
it-life-hack	0		次のMacはRetinaディスプレイ？Macの高解像度ディスプレイ搭載はいつか？
it-life-hack	0		使用状況をビジュアル表示！メモリー割り当て状況を視覚化するRAMMap
it-life-hack	0		iPhoneで高度な画像編集が！シンプルながら多機能な画像編集アプリ
it-life-hack	0		これなら作ってみたくなる！質感の高いHTPC向けケースが登場！
it-life-hack	0		なんだ、そうだったのか！Googleロゴが四角い建築である理由
it-life-hack	0		進化し続けるMac狙うマルウェア 
it-life-hack	0		クラウドより便利で速い！安全！大容量！デュアルHDDで大事なデータを守る必殺技
it-life-hack	0		Excelで支社名のリストを手早く連続入力する
it-life-hack	0		スマホ持ちで有線なアナタに！無線LAN親機になる超小型アダプター
it-life-hack	0		旅行に行く人へチャンス！海外パケット定額使い放題サービスのレビューアー10名を募集
it-life-hack	0		スケールがでかい！孫社長 米国留学支援に賞賛の声
it-life-hack	0		あなたの銀行は大丈夫？「SpyEye」が銀行を狙ってる！
it-life-hack	0		2ヶ月で全国を走り抜けた写真！若さを行動で表現して魂を繋ぐ
it-life-hack	0		一気に4K？それともWQXGA？　MacのRetina液晶の解像度はどっち？ 
it-life-hack	0		特定の通信を止めることも可能！ netstat以上に便利なTCPView
it-life-hack	0		iPhone＆iPadでブラウザゲーム！整って来たHTML5環境
it-life-hack	0		twitterの写真のほうがカッコいい！孫社長 Facebook開始宣言が話題
it-life-hack	0		最新の標的型攻撃メールに注意せよ 
it-life-hack	0		GALAXY TabもiPadも家電も充電できる！万能高容量ポータブルバッテリー
it-life-hack	0		市場動向を立体視できるiPadアプリ！Yahoo! ファイナンス株式マップ 
it-life-hack	0		アイコンを変更してフォルダーを目立たせる
it-life-hack	0		簡単にシステムキャッシュのサイズを変更！ CacheSetで最適な仮想メモリーを設定する
it-life-hack	0		GIGABYTEマーケティング部門副部長が語る！アキバで見たシニア世代に感動
it-life-hack	0		ソフトバンクのスマホに強い味方！ソフトバンク AQUOS PHONE 102SH対応大容量バッテリー
it-life-hack	0		エイプリールフールでもうそはつきません！ITの一週間を振り返る
it-life-hack	0		おはこんです！紺子のＭＭＤ動画が流れる予定ですっ
it-life-hack	0		Wordで何行書いたかひと目でわかるようにする方法
it-life-hack	0		ユーザー同士が情報交換できる！総合レビューサイト「iriver Review Portal」がスタート
it-life-hack	0		AKB48の広告が動き出す HPのAR広告キャンペーン
it-life-hack	0		ウィンドウを拡大し自在に動かす！プレゼンからPC操作の説明まで使える「ZoomIT」
it-life-hack	0		SSDをキャッシュに使う“ハイブリッドHDD”！　Windowsを快適にするシステムキャッシュ技術がスゴイ
it-life-hack	0		生命の勢いを感じます！孫社長″厳しい日々の後にも春は必ず来る″
it-life-hack	0		口座なしでもほとんどの機能が使える！楽天証券のiPad用株式アプリ
it-life-hack	0		スレートPCとスピーカーをセットで！「feel Windows」オープン記念第三段！
it-life-hack	0		日本の伝統を学べるiPhoneアプリ！折り紙の折り方を学べる“おりがみ”
it-life-hack	0		通信プラットフォーム企画会社の清算に見る次世代LTE開発の行方
it-life-hack	0		会社用スマホの安全を管理！ MobiConnect（モビ・コネクト）の試用企業を募集
it-life-hack	0		今までがひどかったことの裏返しでは？孫社長 通信速度の大幅改善を強調
it-life-hack	0		IE9のタブに表示中のWebページをサムネから切り替えるワザ
it-life-hack	0		英単語をイメージ化して覚える！全単語イラスト付きのワードスケッチTOEICテスト
it-life-hack	0		コストはどっちに軍配？　書籍の長期保存は紙？　それともデジタル？ 
it-life-hack	0		まだスーパーマルチなアナタに！　薄型のポータブルBDドライブが登場
it-life-hack	0		レガシーポート搭載マザー！ECSよりAtom搭載Mini-ITXマザーボード
it-life-hack	0		世界一周に挑戦する学生にiPadを贈る！孫社長の粋なはからいに感動の嵐
it-life-hack	0		Windowsユーザーにはイマイチ？ アップルの「iCloud」
it-life-hack	0		SOHOや小規模事業所に最適、NETGEAR 16ポートギガビットスマートスイッチの試用企業を募集
it-life-hack	0		高機能なのになんで？　iPadやAndroidタブレットに対するスレートPCの位置づけ
it-life-hack	0		意図しない共有をさがし出す！　ShareEnumで覚えのないファイルやフォルダの共有をチェック
it-life-hack	0		古いWiFi環境に追加するだけ！　最大300Mbps通信を可能にする家電用アクセスポイント
it-life-hack	0		モックアップで製品を選べる？ 古い手法で販売されるスマホ
it-life-hack	0		スマホでカーナビを実現！純正ドリンクホルダーがスマホホルダーに早変わり
it-life-hack	0		旧マシンを二台のSSDで超加速！　超寿命高速SSDとRAIDカードでシステムを爆速化
it-life-hack	0		Ultrabookユーザー必見！爆速無線LANルーターのレビューアー5名を募集
it-life-hack	0		アナタなら10個のCPU何に使う？　SandyBridge-EとX79マザーの使い道を大募集中
it-life-hack	0		日本も捨てたもんじゃないですね！孫社長 自然エネの普及活動を強調
it-life-hack	0		ユニークなアイデアが満載！目からウロコの商品しか売らないショップ
it-life-hack	0		ドコモのスマホに強い味方！ドコモ AQUOS PHONE SH-01D対応大容量バッテリー
it-life-hack	0		今夜0時に何が？　旧マシンのパワーアップネタを振り返る
it-life-hack	0		こんこん、ふぉっくす紺子だよ！お花見日和なのに、おしごと
it-life-hack	0		石より早く土台が登場！　IVY Bridge対応チップセット「Intel 7シリーズ」解禁！
it-life-hack	0		無料サービスのほうがむしろ使える！個人利用のメールサービスを見直してみよう
it-life-hack	0		新しいウィンドウを素早く開いて次の作業を開始
it-life-hack	0		3D BIOSにDual UEFI！ギガバイトのIntel 7シリーズ搭載マザー
it-life-hack	0		Z77搭載でお安いマザーも！？ ECSよりIntel 7シリーズ搭載マザー
it-life-hack	0		今日は、そういう日だったのか！Googleロゴが馬の写真である理由
it-life-hack	0		進む資料のデジタルアーカイブ化　国会図書館が明治時代から昭和27年までの官報を公開
it-life-hack	0		ガラスのUltrabook登場！美麗なUltrabook「HP ENVY14-3000 SPECTRE」のレビューアー募集
it-life-hack	0		Twitterとテレビを連携！テレビ視聴の楽しみ方を変える NECの「つぶやきプラス」
it-life-hack	0		1年保証をさらに1年延長！　2年の保証が付くASRock製Intel 7シリーズ搭載マザー
it-life-hack	0		iPhoneにぴったりフィットのケース登場！シリコン素材で帯電防止機能も持つiPhone 4S/4用ケース
it-life-hack	0		写真の撮り方がうますぎる！孫社長 桜を詠んだ句と写真が話題
it-life-hack	0		Macもウイルスに感染 絶対安全なOSは存在しない
it-life-hack	0		LAWSON Wi-Fiが大炎上！　WiFiサービスを使うと友達を無くす規約にTwitterが騒然
it-life-hack	0		Word文章の重要部分に蛍光ペンでマークする
it-life-hack	0		作業用BGMを探すのに最適！　お気に入りのアーティストを連続再生「Musictonic」
it-life-hack	0		これからお花見の人は気を付けて！　春の宴のあとのあまりの酷さに唖然
it-life-hack	0		いよっ風流人！孫社長 再び桜の句と写真を披露
it-life-hack	0		投資に必須の知識が無料で学べる！ iPad用アプリ「QUICK投資情報館」がオススメ
it-life-hack	0		mixiの新サービスに疑問の声？ mixiのTwitterから友達をさがす機能が不評
it-life-hack	0		ゲームサウンドが聴き放題！ 24時間無料でゲームサウンドが聴けるSQUARE-ENIX AUDIO
it-life-hack	0		ヘンなアプリに要注意！ データぶっこ抜きアプリか？Google playに不審なアプリが出回る
it-life-hack	0		自然とはなんと偉大なんだろう！孫社長″言葉不要の美しさ″
it-life-hack	0		例のあのメニューも！ニコニコ超会議のフードコートメニュー14種類紹介（前半）
it-life-hack	0		例のあのメニューも！ニコニコ超会議のフードコートメニュー14種類紹介（後半）
it-life-hack	0		電源不要でボリュームアップ！？ エコなのに音量増幅できるiPhone用スタンド
it-life-hack	0		その被害は数百万人以上？ 個人情報ぶっこ抜きの不審なAndroidアプリの顛末
it-life-hack	0		いきなり列番号が変わっても慌てない！　元に戻せるExcel設定
it-life-hack	0		「ソブリン危機」をiOSで体感せよ！ 国の借金をリアルタイム表示
it-life-hack	0		プラチナバンド期待してます！孫社長”頑張ります”
it-life-hack	0		一連の流れを紹介！ Google playで出回った不審なAndroidアプリ問題
it-life-hack	0		なるほど、そういうことか！Googleロゴが写真である理由
it-life-hack	0		何かとネットが騒がしかった！　不審なAndroidアプリ騒動までを振り返る
it-life-hack	0		こんこん、ふぉっくす紺子です！MMD動画、配信中です
it-life-hack	0		お気に入り写真がアイコンに！　写真フォルダー分類術
it-life-hack	0		毎月1,500円がタダ！お金をかけずにドラマや映画を見まくる方法
it-life-hack	0		川面を流れる花弁の美しさに感動！　散った桜が川面を埋め尽くす光景のあまりの美しさが話題に
it-life-hack	0		メンテナンス性の高いHP Z1 省スペースAIOワークステーション
it-life-hack	0		全米教育部門で2位！色彩感覚を育てるのにオススメのぬり絵アプリ
it-life-hack	0		人の役に立って奨励金まで貰える！島村氏が「NAVERまとめ」の魅力を語る
it-life-hack	0		普通の中学で学んだ程度でした！孫社長が明かした若き日の英語力
it-life-hack	0		スタイリッシュなブロック系パズルゲーム！ ルミネス – Touch Fusion
it-life-hack	0		ある日突然犯罪者扱いに？　無許可ダウンロードの罰則化が引き起こす問題
it-life-hack	0		企業の業績と戦略をiPadでチェック！「IR資料・会社資料ダウンロードサービス」
it-life-hack	0		無職ランナーをオリンピックへ！　プレアカ1か月分でスポンサーになれる
it-life-hack	0		ケースによっては5千円も節約！　3G回線を使わずにWiMAXとWiFiオンリーでスマホ利用
it-life-hack	0		あと40cm高い津波で原発事故？孫社長が明かした東海村の怖い話
it-life-hack	0		Word文書の見栄えがアップ！　クリップアートを透明化して活用
it-life-hack	0		アインシュタインが「宇宙最強」と命名した「iCompaund」で複利を理解
it-life-hack	0		とりあえずペンディング！　続・無許可ダウンロードの罰則化が引き起こす問題
it-life-hack	0		え？コミュ障？　それでも平気！ どんな人とも10秒でうちとけて話せる本
it-life-hack	0		何これキモい！　ツイッターのTLの合間に出てくる怪しい生物画像が話題に
it-life-hack	0		来たぜ！お祭り第2弾！GIGABYTE板祭でマザボ＆グラボのレビューアーを大募集
it-life-hack	0		御苦労さま！そしてありがとう！　スペースシャトル・ディスカバリー号、最後の飛行
it-life-hack	0		PCの次世代利用モデルを創出へ インテルつくばに新センター開設
it-life-hack	0		頭を使うアプリをお探しのアナタに！陣取り合戦風で囲碁にも似たブロックゲーム「Blokus」
it-life-hack	0		歌＋歌＝歌　見事な才能に感嘆！え？二曲を同時再生するとまったく別の曲が！
it-life-hack	0		検索力をアップ！　IE9に好みのエンジンを追加する
it-life-hack	0		スマホやiPhoneを何度もフル充電！　最大で3台同時にスマホが充電できる大容量バッテリー
it-life-hack	0		え？これ食べれるの？　海外のバースデーケーキの見事さが話題に
it-life-hack	0		もちろんカレー臭はしなかった！ 品質もそこそこなインド製携帯電話
it-life-hack	0		どいつもこいつも！う〜にゃ〜！(」・ω・)」うー！(／・ω・)／にゃー！
it-life-hack	0		ハゲ頭を言い訳にしたことはない！孫社長 失礼な発言に大人の対応
it-life-hack	0		液晶一体型！新型ワークステーションからインド製携帯電話まで【デジ通】一気読み
it-life-hack	0		本音トークが炸裂！これが「Android ライターサミット」だ
it-life-hack	0		DL罰則化の動きが気になる！　ネットで盛り上がった話題を振り返る
it-life-hack	0		おはこんこん！連載ちゅうの4コマの予告編ですっ
it-life-hack	0		起動を高速化！　いらないアプリはスタートアップから外す
it-life-hack	0		グラフィックスの頂上対決！GeForce GTX680 vs Radeon HD7970
it-life-hack	0		タブレットより断然快適！一度使ったらやめられないUltrabookとDropbox
it-life-hack	0		テレビ録画もガラパゴス化 日本にしか無いテレビ録画機市場
it-life-hack	0		ありがとうございます！孫社長 丸坊主アイコンに″およっ″
it-life-hack	0		個人スポンサー2万人達成！ロンドン五輪マラソン代表選手の藤原新選手
it-life-hack	0		間違えない海外用の携帯電話選び！ほとんどのSIMが使える端末を選ぼう
it-life-hack	0		超豪邸の賃料が3〜4万円！？　中国で借りた家の賃料が安いと話題に！
it-life-hack	0		いまどき1Gオーバーは当たり前！　Gバイト超えのファイルも扱える大容量ファイル転送サービスを使う
it-life-hack	0		納得！そういうことか！Googleロゴにファスナーが付いてる理由
it-life-hack	0		謎のカウントダウン中！　どうやらNVIDIAが近日中に何かやらかすらしい！
it-life-hack	0		目的地にピタリとジャンプするWordの機能
it-life-hack	0		大容量なのに軽い！スマホもタブレットもこれ1個で充電できる実用度の高い「i・mee」
it-life-hack	0		インテル最新プロセッサが登場！ 新Ultrabookへの採用はいつ? 
it-life-hack	0		「こんな時、英語で何ていう？」日常生活とビジネスで使えるアプリ！
it-life-hack	0		英語の筆記体書けますか？ あなたも筆記体が書けるようになるアプリ
it-life-hack	0		自宅が無料ビデオレンタル店になる！8ch全録＆おまかせ録画が実現するテレビ天国
it-life-hack	0		着実な資産形成をイメージできる！ 日興アセットの「お金計算機」
it-life-hack	0		29日はアキバへGo！　レビューアー100人以上を大募集の太っ腹企画開催！
it-life-hack	0		何これやばい！ウマそう！　ホントに学食？　最近の学食は驚きの豪華メニュー
it-life-hack	0		肩や腕の負担を軽減するExcel／Wordキー操作術
it-life-hack	0		より強く！より最強に！ 無敵Galaxy Noteをさらに強くする
it-life-hack	0		雑誌をPDF化してiPadで読む裏技！スキャナー活用のノウハウを伝授
it-life-hack	0		ようやく普及期に入った3DS 専用ソーシャル機能が回り出した
it-life-hack	0		転売厨に要注意！　創刊当日に休刊が決定したコミック雑誌がamazonで高値で転売される
it-life-hack	0		PCを使いこなす小技が満載！　裏技やOffice系アプリ使いこなしまでを振り返る
it-life-hack	0		最新CPUに出会えるチャンス！「Intel Technology Day in Akiba 2012」を開催へ
it-life-hack	0		ヤバイぜ！楽しすぎる！　ニコニコ超会議はガチでマジで“超”楽しい！
it-life-hack	0		話題のタブレット端末に強い味方！ドコモ ARROWS Tab LTE F-01D本革マルチポーチケース
it-life-hack	0		こんこん！紺子には秘策があるんだからねっ
it-life-hack	0		スマホやタブレットの活用グッズが満載！　バッテリー切れから車載対応までイケショップで解決！
it-life-hack	0		ドコモのスマホに強い味方！ドコモ Optimus LTE L-01D用スタンダード大容量バッテリー
it-life-hack	0		インテル社長の自作PCまとめ 吉田社長の個性的な自作機
it-life-hack	0		ニコニコ超会議の来場者が9万人超え、配信での来場者は347万人超
it-life-hack	0		よく使うファイルを高速に呼び出す　タスクバーカスタマイズ術
it-life-hack	0		Google Drive対抗か！？ Dropboxが着実に機能アップ
it-life-hack	0		スタートアップ設定や特殊なデフラグ！　ゴールデンウィークはPCをメンテナンス
it-life-hack	0		話題のスマホに最適な高級ケース！AQUOS PHONE SoftBank 103SH用ケース
it-life-hack	0		超コンパクトで充電ケーブルいらず！わずか92gのモバイルバッテリー
it-life-hack	0		ニコニコ超会議振り返り①　本気（マジ）の痛車のスゴさを実感
it-life-hack	0		ニコニコ超会議振り返り第二段　ユーザー生放送の人気のスゴさを実感
it-life-hack	0		圧倒的No.1のゲームPCブランドを目指す！ドスパラがPCの新ロゴを発表
it-life-hack	0		計算式をすばやくチェックできるExcelの便利ワザ
it-life-hack	0		参加した人も、不参加の人もチャンスがある！Ultrabooker.jpブースも登場したインテルイベント
it-life-hack	0		iPhone、iPodの音質が劇的改善！ 「FANTABIT」で音楽に革命を
it-life-hack	0		今話題の画像系SNS「Pinterest 」（ピンタレスト）をiPhoneで快適に使う！ 
it-life-hack	0		龍馬がいたら原発はどうなる？孫社長の問い掛けに賛否両論
it-life-hack	0		ニコニコ超会議で気になった小ネタを写真で紹介
it-life-hack	0		amazonでAMEX決済なら要注意！ amazonで買い物したら100倍の請求金額に口があんぐり！
it-life-hack	0		どうやって撮ったの？コンデジで驚きの不思議な写真「Naked Flower（裸の花）」
it-life-hack	0		孫社長が社内業務紙ゼロ宣言 ペーパーレスの真の目的とは
it-life-hack	0		来たぜ！お祭り第3弾！GIGABYTE板祭でZ77マザーのレビューアーを大募集
it-life-hack	0		自分のIQを知りたくありませんか？　そんなときは「IQチェック2」がオススメ
it-life-hack	0		懐かしのヒーローが続々！　名アニメーターが描くヒーローイラストが話題に
it-life-hack	0		MS「SkyDrive」が機能アップ！ クラウドサービスが「総Dropbox化」
it-life-hack	0		どこでもファイルを活用　GoogleドライブとローカルPCを自動で同期する
it-life-hack	0		直感的に使えるマジックリモコン！LG、3D対応の液晶テレビ「LG Smart TV」が凄い
it-life-hack	0		周辺地域の情報をゲット「ご当地ニュースbyロケタッチ新聞」リリース
it-life-hack	0		Twitterの影響力マジパねぇ！　東大駒場校舎で行われた無料耳かきサービスに人だかり
it-life-hack	0		いよいよ開業間近！ 東京スカイツリー観光に行くなら「東京スカイツリー Navi」がオススメ！
it-life-hack	0		コンプガチャ廃止決定！　結局は堂々巡り？　今後一体どうなる？
it-life-hack	0		液晶を開けて自動復帰と電源入り パソコンの使い勝手を改善 
it-life-hack	0		アナタはこの誘惑に耐えられるか？　猫の肉球だけ集めた写真がスゴイ
it-life-hack	0		iPhoneやiPadが目ざまし時計になるユニークなガジェット登場！
it-life-hack	0		Keplerをより安く！　Keplerアーキテクチャのミドルレンジ向けGPU「GeForce GTX670」
it-life-hack	0		iPad/iPhoneの文字入力を快適に！Bluetooth対応ワイヤレスキーボード
it-life-hack	0		必要なファイルを素早く取り出すマル秘ワザ
it-life-hack	0		ピークシフト機能がさらに進化 パソコンの節電も高機能へ
it-life-hack	0		カワイイけど難しい“カワむず”なパズルゲーム「ねこずらし」が楽しい
it-life-hack	0		iPhone用オモシロアプリからお役立ちアプリまで一挙紹介
it-life-hack	0		話題のスマホに強い味方！ドコモ Galaxy Note SC-05D用大容量バッテリー
it-life-hack	0		話題のスマホに強い味方！ドコモ MEDIAS LTE N-04D用大容量バッテリー
it-life-hack	0		なるほどジ○リめしって言うのか！　あのオムライスは王蟲ライスだったのね！
it-life-hack	0		脳科学者 茂木氏も登場！教育とテクノロジーの祭典を開催へ
it-life-hack	0		大切な投稿を見逃さない　Facebookに親友の投稿だけを表示する
it-life-hack	0		ダウンロードよりもCDの方が便利 これからもCDを買い続ける理由
it-life-hack	0		こんこん、ふぉっくす紺子だよ！踊ってる紺子動画も見に行ってね
it-life-hack	0		ネタにマジレス何それ痛い！　Twitter義務化のパロディニュースに釣られる人続出！
it-life-hack	0		重量を当ててUltrabookをゲット！ NEC LaVie Zの重さ当てクイズ
it-life-hack	0		auスマホの新モデルを5秒で解説！「au発表会2012 Summer」速報
it-life-hack	0		auなら月額590円で映画が見放題！新作映画も楽しめる「ビデオパス」が凄い
it-life-hack	0		アナタは五月病大丈夫？今の仕事がつくづくイヤになった時に読む本
it-life-hack	0		ストップ違法コピー！ BSA世界ソフトウェア違法コピー調査2011の結果発表
it-life-hack	0		その真相や如何に！ミクシィ、身売り報道にコメント
it-life-hack	0		虚構新聞が更新を一時停止！してますん！という嘘ニュース
it-life-hack	0		個性派Facebookにしよう！　みんなと違う背景にする方法
it-life-hack	0		使い方で選べるスマホをラインナップ！ドコモ 2012年夏モデル20機種を発表
it-life-hack	0		今度の金環食を見逃さない！ 来る5月21日の金環食を楽しむアプリ
it-life-hack	0		富士通がクラウドサービスを開始！「My Cloud」はどんな発展をするのか？
it-life-hack	0		ネットワークダビング対応　ポータブルBDドライブのレビューアー10名を募集
it-life-hack	0		Facebookに潜む「乗っ取り」のリスク！　SNS対策レポートをソースネクストが公表
it-life-hack	0		B-CASカードの解析完了！有料放送見放題の仕組みが判明！
it-life-hack	0		家電もスマートに 節電を！電気を総合的にマネージメントする仕組みがスゴイ
it-life-hack	0		21日は金環食を見よう！　ニコ生やUSTでも25年ぶりの金環食を配信予定
it-life-hack	0		最強の情報リーダーアプリ登場！これでIT系ニュースの網羅は完璧
it-life-hack	0		一粒で三度おいしい虚構新聞！　一連の騒動に関する検証を掲載
it-life-hack	0		Googleがセキュリティを指南！ネットユーザー向け「知っておきたいこと」サイト開設
it-life-hack	0		これはなんでしょう？　iPhoneならではのユニークアイテム
it-life-hack	0		Googleドライブで企画や計算書をメンバーと共有
it-life-hack	0		「リーダー」機能は意外に便利！ iOSのSafariを上手に使う方法
it-life-hack	0		何だそうだったのか！Googleロゴがキノコになっている理由
it-life-hack	0		Facebook使いこなしも指南！ Office系ネットサービスの使い方まで使い方指南
it-life-hack	0		話題のスマホに強い味方！ドコモ MEDIAS ES N-05D用大型大容量バッテリー
it-life-hack	0		2012年夏モデルも紹介！　新しいネットサービスから新型CPUネタやiアプリまで【デジ通】一気読み
it-life-hack	0		おはこんこん！紺子ぬいぐるみ、まんまるなお目々で進行中です
it-life-hack	0		ファイル整理に役立つ！　カメラの情報表示
it-life-hack	0		これは気づかなかった！古いノートPCがWebテレビに格安で変身する裏技
it-life-hack	0		定番スキャナがiPhone＆スマホに対応！　iPhoneやAndroidからスキャンできるScanSnap登場
it-life-hack	0		Galaxy Noteを1日フルに使い倒せる！2.2倍の大容量5400mAhバッテリの便利さと使い勝手
it-life-hack	0		アナタはもう見た金環食？　あいにくの天気だった人はネットで楽しもう！
it-life-hack	0		敗者は去れ？ 再挑戦を認めるか認めないかで荒れるクラウドファンディング「studygift」
it-life-hack	0		メモ型クラウドサービス「Droplr」 備忘録やブックマークに使える
it-life-hack	0		スティックタイプのコンデジ登場！　Optio新モデルは気分に合わせて着せ替え可能
it-life-hack	0		Youtubeが7周年！　いまでは1分間で72時間分の動画がアップされるように！
it-life-hack	0		金環食で思わぬ経済効果？　太陽に直接カメラを向けて壊した人が続出？
it-life-hack	0		おお！この鍵盤弾けるぞ！Googleロゴがシンセサイザーになっている理由
it-life-hack	0		見積書や企画書を移動中にチェック！　GoogleドライブにAndroidからアクセス
it-life-hack	0		Safariのリーダー機能をFirefoxで アドオン「Evernote Clearly」
it-life-hack	0		英語で地理が勉強できる！世界クイズアプリ！
it-life-hack	0		スマホで使えるNASに新モデル！　挑戦者の自作NASキット「RockDisk」にHDD入りモデル登場
it-life-hack	0		カワイイは正義！　おかもとまりさんのカワイすぎる顔真似メイキングが反則過ぎる
it-life-hack	0		3姉妹の成長を瞬間的に捉えた妖艶で可憐な世界観
it-life-hack	0		普及の実感が薄い海外での3DS ゲーム用SNSで魅力を生かせるか?
it-life-hack	0		スクラップブックが簡単にできる！写真加工アプリ
it-life-hack	0		1日3名が11日連続で何と33名！　「SAMSUNG SSD 830シリーズ」のレビューアーを大募集
it-life-hack	0		アナタはまだブラウザのブックマーク？　ブックマーク管理はライフリストがオススメ
it-life-hack	0		スマートに一体化！GALAXY Noteを無敵化するバッテリー内蔵ケース
it-life-hack	0		Excel操作を簡略化！　ドラッグ＆ドロップでシート間コピー
it-life-hack	0		「Dropbox」のUbuntu版を試す Linuxでも同じ使いこなし！
it-life-hack	0		ドコモでも同じ結果では？孫社長 SB幻滅発言に猛反論
it-life-hack	0		金環日食から切り込み隊長まで！　ネットの話題を振り返る
it-life-hack	0		ガジェット使い方新提案！　小技の効いたハイテク家電使いこなし術
it-life-hack	0		友達管理が簡単に！　Facebookで新しいリストを作成する
it-life-hack	0		Ultrabook最大の弱点を裏技で克服！会社や自宅で最強PC環境を作ろう
it-life-hack	0		「Ubuntu One」はLinux対応 楽曲ストリーミング対応のクラウド
it-life-hack	0		バックアップをより手軽に便利に！　最新バックアップソフトの試用企業を募集
it-life-hack	0		おはこんこん！紺子ぬいぐるみ、7月頃に出来上がるよ
it-life-hack	0		本日11時よりライブ配信開始！　ソフトバンク＆ウィルコム新製品発表会
it-life-hack	0		デジタルガジェット新製品は？　6月の大規模展示会複数開催で発表あるか？
it-life-hack	0		速報！世界初の放射線測定機能搭載！電波の届く範囲も3倍に！驚きのソフトバンク夏モデル発表
it-life-hack	0		人気の音ゲーここにあり！ 上手にリズムを刻む心地さがここに「jubeat plus」
it-life-hack	0		行間を読む　翻訳のされ方で大きく印象が変わる言葉の難しさ
it-life-hack	0		動物好きなアナタに！ iPhoneを動物図鑑にしてくれるアプリ
it-life-hack	0		斬新なアート表現と生命力！フィリピンの「今」が見られる「The Hope & The Dream in Filipino - Section III」
it-life-hack	0		世界戦略が重要なゲーム市場 E3 2012で注目の新戦略
it-life-hack	0		GoogleドライブのファイルをiPhoneからダイレクトに編集する
it-life-hack	0		地デジ＆BS/CSデジタル対応ハイビジョンレコーダーのレビューアー10名を募集
it-life-hack	0		起業家のための事業継続支援サイト「開業計画NAVI」を立ち上げ！
it-life-hack	0		将来のノートパソコンの厚みは? 薄型化の限界はどこまで
it-life-hack	0		2D動画を3Dに変換！Webから動画ダウンロードもできるソフトのレビューアー募集開始
it-life-hack	0		冷却の匠がゲーミングマウス発表！ ZALMANより同社初のマウスをリリース
it-life-hack	0		こういうWiFi名もアリ？　自作自演もある楽しいWiFiアクセスポイント名
it-life-hack	0		間違えてコメントしちゃった！をないことにするFacebookワザ
it-life-hack	0		iPhoneをド派手に着飾れ！　個性派のためのセンサー付きイルミネーションケース
it-life-hack	0		なぜこんなに面倒なの？　ネット時代のサービス解約手続き
it-life-hack	0		グラボを買うとBDプレーヤーが当たる！　Sapphire製グラボ購入キャンペーン本日開始
it-life-hack	0		Windows 8優待購入プログラム解禁！　ドスパラなら1,200円でWindows 8にアップグレード
it-life-hack	0		ネットサービスの解約問題からLinuxでのクラウド使いこなしまで一気読み
it-life-hack	0		美しい映像と音楽も必見！銀座の名所、ソニービル公式Facebook ページがオープン
it-life-hack	0		なにかが起こるっ！4コマ、もうすぐ100回になるんだよ
it-life-hack	0		色んなアイデアが爆発！　にゃんこ型イヤホンジャックカバーの次は何だ？
it-life-hack	0		見せたくない文字は隠してしまうWordの便利ワザ
it-life-hack	0		ThinkPadのACアダプタはどうなる 太いコネクタが薄型化のネックに
it-life-hack	0		高性能で低消費電力！インテル吉田社長が語る、IVY Bridgeの魅力
it-life-hack	0		こんな目で娘に見つめられたい！娘と父の美しすぎる蜜月 久保和範写真展「恋人」
it-life-hack	0		複数の大手２ちゃんねるまとめサイトに転載禁止の通達！残ったサイトとの違い
it-life-hack	0		Facebookドリームから飛び出した19歳！驚くほどパワフルな写真の秘密を探る
it-life-hack	0		デルの新Ultrabookは光学ドライブ付き！14.3インチディスプレイの「Inspiron 14z」登場
it-life-hack	0		ThinkPad X1風アイソレーションタイプへ！ ThinkPad新シリーズのキーボード一大変更
it-life-hack	0		ニコニコ動画の音楽ダウンロード始まる！NicoSoundにJASRACに加えJRCの管理楽曲が対応
it-life-hack	0		金環日食に続く天体ショー！　昨日の部分月食見ました？　そして明日もあるぞ！
it-life-hack	0		この谷間写真は誰得？　Twitterのハッシュタグ「#女子谷間晒し祭」で大いに盛り上がる
it-life-hack	0		超薄Ultrabookに両面液晶ノート！ COMPTEX TAIPEI 2012が開幕
it-life-hack	0		データ整理に役立つ！　Excelで大量の連番をまとめて入力
it-life-hack	0		インテル吉田社長の自作PCをパワーアップ！“超”社長PCを作ってみた
it-life-hack	0		あなたのiPhoneサクサク動く？　もしダメなら「サクサク for iPhone 改」
it-life-hack	0		アナタは見た？今世紀最後の天体ショー！金星の太陽面通過
it-life-hack	0		スマホのゲームに毎月いくら課金してる？　年代やOS別の調査結果発表
it-life-hack	0		ThinkPad X1 Carbonで従来のACアダプターは使えるのか？
it-life-hack	0		夏のボーナス金額は増！ ただし商品の購入に充てる割合は大幅減
it-life-hack	0		あの名作に隠された秘密！スラムダンクの秘密　完全版
it-life-hack	0		アナタはどっち派？「谷間」対「太もも」　じわじわ広がる「#女子ふともも晒し祭り」
it-life-hack	0		カーシェア・レンタル利用派に最適！シガーソケットホルダー for スマートフォン
it-life-hack	0		iPhoneからどこでもOffice書類にアクセス　SkyeDriveを徹底活用
it-life-hack	0		Ultrabookのその先へ COMPTEX で次世代パソコンが見えた
it-life-hack	0		使いこなし指南の知っ得！虎の巻
it-life-hack	0		ユニークな両面液晶PC！次世代PCを見たCOMPTEXから変化があった新型ThinkPadまで
it-life-hack	0		投稿によって公開範囲を決めたい人のFacebookワザ
it-life-hack	0		Windowsトラブル時にデータを救出！Ubuntuの便利な機能アレコレ 
it-life-hack	0		クリエイターと読者が創るソーシャル時代の電子書籍サービス「Yomuca」
it-life-hack	0		やっぱいいわ！レッツノート！  SX2の中身はコレだ！最強モバイルノートPC開封フォトレポ
it-life-hack	0		iPhone5やiPad miniは姿を見せるか？アップルのWWDCを日本語で解説
it-life-hack	0		新型MBP登場で盛り上がったWWDC！ iPhone 5も7インチiPad miniもなし！
it-life-hack	0		守るものが違いませんか？　議員先生が2ちゃんねるまとめサイトを守ろう宣言
it-life-hack	0		いつでもどこでも自分専用環境！　Ubuntu起動ができるUSBメモリーを作成！
it-life-hack	0		ふぉっくす紺子だよ！完売の声がぞくしゅつちゅう
it-life-hack	0		デスクトップ代わりに使える低価格ノート　レノボのIdeaPad Z480はIvy Bridege搭載
it-life-hack	0		違法ダウンロード刑罰化の勉強会開催！　本日17時よりニコニコ生放送でも配信
it-life-hack	0		NFCがバイクの鍵に？ COMPTEX TAIPEIで見つけた面白ガジェット
it-life-hack	0		Facebookのコメントを読みやすく！　文の途中で改行するワザ
it-life-hack	0		「写真の町」から生まれた「念力、滲透、輪郭」とは？　気鋭の写真家が描く世界にドキッ
it-life-hack	0		こりゃ商品化は無理！　ユニークなイヤホンジャックカバー（作品）が話題に？
it-life-hack	0		MacBook ProがRetina対応 次はAirも対応？
it-life-hack	0		写真の中に「人」がいる！美し過ぎる愛娘を通して人を撮る写真家に極意を見た
it-life-hack	0		スマホ購入でゲーム初体験！　MMD研究所「マートフォン所有者の接触頻度に関する実態調査」
it-life-hack	0		コンパクトケース対応のGTX 670！　ツインクーラーで全長の短いGeForce GTX 670搭載グラボ
it-life-hack	0		これは商品化して欲しい！　テニプリベースのイヤホンジャックカバー
it-life-hack	0		書式を再利用　手間を省いて見栄えを整えるWordワザ
it-life-hack	0		Dock用スピーカーを簡単に無線化！いろんな器機で使えそうなBluetoothアダプター
it-life-hack	0		レガシーデバイスをさらば！名実ともに次世代のMacBook Pro 
it-life-hack	0		衆院を通過しカウントダウン開始！　違法ダウンロード刑罰化改正法案
it-life-hack	0		ワイルドな英語プリントだぜぇ！　スギちゃん風な英語の教材プリントが話題に
it-life-hack	0		北川景子さんが美しさの秘密を語る！NEX-F3 スペシャルコンテンツ「with α」がオープン
it-life-hack	0		大切な投稿を見逃さない！友達管理が簡単に！個性派Facebookにするテクニックまとめ
it-life-hack	0		違法ダウンロード刑罰化やRetinaディスプレ搭載MacBook Pro登場まで１週間を振り返る
it-life-hack	0		おはこんこん、ふぉっくす紺子だよ！新しいおしらせ
it-life-hack	0		ハイビジョン録画時代のビデオカセット計画！奥さんに趣味の番組を消されない裏技
it-life-hack	0		Time-Lapse（微速度）撮影ができるカメラ！ COMPTEX TAIPEIで見つけたオモシロガジェット
it-life-hack	0		新連載開始！元Google日本法人会長 村上憲郎氏も登場！教育とテクノロジーの祭典
it-life-hack	0		最新スマホに最強兵器が登場！ソフトバンク AQUOS PHONE 103SH対応大容量バッテリー
it-life-hack	0		カセットHDDで録画番組を管理！ネット対応のHDDレコーダーが凄い
it-life-hack	0		ニコニコ動画：Zero地味に改善中！　動画視聴用の「ZeroWatch」新バージョンにアップデート
it-life-hack	0		考えると寝られなくなる！「念力」「滲透」「輪郭」、ドキっとする摩訶不思議な写真展
it-life-hack	0		DVD起動でもアプリが使える 便利なUbuntuの使い方
it-life-hack	0		アノなめこがiPhoneカバーになった！　「おさわり探偵 なめこ栽培キット」のiPhoneカバー登場！
it-life-hack	0		ジメっとした気分を吹き飛ばせ！　いまが見ごろ、鎌倉の紫陽花写真の数々
it-life-hack	0		見事なボディペインティング！　アクリル絵の具で描かれたボディペインティングが話題に
it-life-hack	0		LANだけで動作するコンピュータ 電源不要のオールインワン型
it-life-hack	0		わずか7分で散会！ 改正著作権法案が参院文教科学委員会を通過し本会議へ！
it-life-hack	0		iPhoneアプリを子どもが勝手に使えないようにする
it-life-hack	0		最新スマホに最強兵器が登場！ソフトバンク AQUOS PHONE 104SH対応大容量バッテリー
it-life-hack	0		反対者はわずか12人、参議院本会議で違法ダウンロード刑罰化が確定
it-life-hack	0		関西KDDI強し！2ヶ月連続で純増No.1に続く、さらなる一手
it-life-hack	0		非公式アプリでも結構イケる！ UbuntuでもEvernoteが使える
it-life-hack	0		GALAXY SIIIが圧倒的人気！　MMD研究所「2012年夏発売の携帯電話スマートフォン新端末購入意欲調査」
it-life-hack	0		竜の巣？ 　これが…？　富士山上空を覆う巨大雲が話題に
it-life-hack	0		微妙な知り合いからの友達申請に有効なFacebookワザ
it-life-hack	0		GALAXY Noteをキーボードで使う！　Bluetoothキーボード付き専用カバー
it-life-hack	0		次世代PC最前線！Retina対応アプリの登場で変わるMacの世界
it-life-hack	0		(」=・ω・)」 (/=・ω・)/うー！にゃー！な簡単ゲーム
it-life-hack	0		違法ダウンロード刑罰化の次は通信の秘密に踏み込む音楽権利団体
it-life-hack	0		いつでもどこでも自分専用環境！Windowsトラブル時にも使えるUbuntu
it-life-hack	0		何だこの計算器みたいなの？ Googleロゴが怪しい計算尺みたいになっている理由
it-life-hack	0		24日はアキバへGo！Ultrabooker.jp専用ブースでオリジナルグッズを当てよう
it-life-hack	0		iPhoneで作るビジネス文書、動画のムダをトリミング　iPhone活用術
it-life-hack	0		上部タブが追加されてさらにできるようになった“俺だけポータル”「ライフリスト」
it-life-hack	0		駆け込み購入で「しまった」を挽回できる！古い液晶テレビを最新にする作戦
it-life-hack	0		入力し直し不要！　Excelで表の行と列を入れ替える
it-life-hack	0		マイクロソフトのタブレットPC　Surfaceは売れるのか？ 
it-life-hack	0		最新情報も見逃すな！ 大人気アニメ「宇宙兄弟」公式アプリ！
it-life-hack	0		マイクロソフトの独自タブレット「Surface」の販売体制はどうなる？ 
it-life-hack	0		ユーザーとメーカーとの橋渡し！大盛況だったUltrabooker.jpブース
it-life-hack	0		揃いの色や柄、オリジナルプリントで一体感！ポロシャツのプロが運営するユニフォームタウン
it-life-hack	0		Androidユーザーの高いセキュリティ意識！「スマートフォン所有者のセキュリティ対策に関する実態調査」
it-life-hack	0		ゲームセンターの楽しさを手のひらに！Air Hockey : Extreme Fun
it-life-hack	0		楽しくリズム感覚が身につく「おやこでリズムえほんプラス」
it-life-hack	0		Ubuntuをこまめにアップデート 専用ソフトで安全・安心に行える
it-life-hack	0		無料で情報収集＆発信できる次世代SNS「tumblr」を活用する
it-life-hack	0		無線LANで映像を飛ばそう！ユニークな地デジチューナー付きルーター
it-life-hack	0		子供の一瞬の表情も逃さない！「EX-ZR300」開封レポート
it-life-hack	0		今度は大丈夫？ iPhoneで24時間無料のWi-Fi！「LAWSON Wi-Fiサービス」が大幅アップデート
it-life-hack	0		楽天が電子書籍サービスを開始？　「Kobo」のサイトを新たに開設
it-life-hack	0		Ultrabookに強力なライバル！女性がラクに持ち運べる、エイサーのノートPCが凄い
it-life-hack	0		LINEで新たな価値を提供！LINE公式アカウントに小説コンテンツ「トークノベル」を追加
it-life-hack	0		アナログとデジタル、リアリティと幻想が混在する不思議！文本貴士氏の写真展「追憶」を開催へ
it-life-hack	0		不屈の精神力を持っているか！孫社長の格言的な言葉が話題
it-life-hack	0		ソーシャルの今が分かる！ヤフーの「話題なう」ってなに？
it-life-hack	0		スタンド＆カバーにキーボード！ iPadを使い倒せるガジェット登場
it-life-hack	0		Facebookで友達宛にコメントを付けたことを知らせたい
it-life-hack	0		GoogleによるIM「Mozc」を使う Ubuntuの日本語入力を改善
it-life-hack	0		お前らどんだけ起きてんだよ！　朝4時過ぎの朝焼け写真大量につき
it-life-hack	0		都会の空でも美しい星が私たちを照らしている！写真展「都会の星」を開催へ
it-life-hack	0		最新モバイルルーターに強い味方！ドコモ BF-01D用大型大容量バッテリー
it-life-hack	0		Facebookの意外と知らない裏ワザ！ビジネスユーザーに役立つPC活用術
it-life-hack	0		ファーストサーバがまたも謝罪！復元時に他人の情報を漏えいか
it-life-hack	0		「すぐつく」の機能は微妙に異なる！テレビ機能の競い合い続く国産PC
it-life-hack	0		スマホライフスタイルを提案！KDDI 甘田氏が語る、関西KDDIの強さの秘密
it-life-hack	0		デジ一眼に匹敵する最強コンデジ！有効4600万画素の「SIGMA DP2 Merrill」が凄い理由
it-life-hack	0		オシャレなページで情報発信！Tumblrのデザインを設定してみよう
it-life-hack	0		スマホ用電子書籍ビューワが凄い！電子書籍の配信ソリューション「book-in-the-box」
it-life-hack	0		じゃあ、その分の電気使わないでね！孫社長「大飯原発、運転継続理解できない」
it-life-hack	0		デジ一眼に匹敵する最強コンデジ！情報満載の怒濤の1日を振り返る
it-life-hack	0		不正コピーの発覚で多額の賠償金！組織内不正コピー防止キャンペーンを実施した理由
it-life-hack	0		ようこそ、ケーブルのない世界へ！クリアな音質のBluetooth対応ヘッドセット
it-life-hack	0		アップルに対抗できるのか? マイクロソフトの独自タブレット
it-life-hack	0		常識を塗り替える異次元の軽さ！NEC 世界最軽量Ultrabookが凄い
it-life-hack	0		自分の顔で画面ロックを解除！ドコモ、GALAXY S IIにAndroid 4.0を提供
it-life-hack	0		iPhoneに直接転送できるスキャナ！「iスキャミル ミニ」が凄い
it-life-hack	0		お得に購入できる裏技あり！楽天の書籍端末が凄い5つの理由
it-life-hack	0		おめでとうございます！孫社長 王会長との記念写真を掲載
it-life-hack	0		常識を塗り替える軽いUltrabook！新製品ラッシュの1日を振り返る
it-life-hack	0		マイクロソフトが方針転換を始めた！マイクロソフトの独自タブレット
it-life-hack	0		アナログとデジタルの融合。旧と新の技術が出会った不思議な写真空間
it-life-hack	0		どこよりも詳しく解説！写真でみる世界最軽量Ultrabook、NEC「LaVie Z」
it-life-hack	0		Excel表をらくらく修正！ドラッグで列の順序を入れ替える
it-life-hack	0		話題の最新スマホの予約日が決定！ドコモ、MEDIAS X N-07Dを発売へ
it-life-hack	0		本当に稼動するのですね。凄い！孫社長 メガソーラーの状況を報告
it-life-hack	0		写真でみる世界最軽量Ultrabook！新情報が目白押しの1日を振り返る
it-life-hack	0		電子書籍では何が重要なのか？ 本格化する日本の電子書籍
it-life-hack	0		Ultrabookで使えるポータブルBD！パイオニアの世界最小・最軽量のBD/DVD/CDライターの性能に驚愕
it-life-hack	0		パソコンとテレビが合体した製品！NECの技術を盛り込んだ、レノボの新PCが凄い
it-life-hack	0		アップルがモバイル市場を牽引！国内モバイルデバイス市場規模が明らかに
it-life-hack	0		七夕の願いは済んだ？　短冊に書かれたユニークな願いが話題に
it-life-hack	0		ThinkPadをNECで生産へ 2012年秋より日本で試験生産
it-life-hack	0		Dockコネクターに直挿し！iPhoneやiPadにケーブルいらずのバッテリー
it-life-hack	0		iPhoneで撮った動画を仲間で共有！その場で動画を共有するテクニック
it-life-hack	0		315gの最軽量スキャナも登場！PCレスでスキャンデータを活用できる「ADS-2500W」
it-life-hack	0		電子ブックリーダー「kobo Touch」の実機が見られる！楽天が大手書店と連携した理由
it-life-hack	0		語れば語るほど、メッキが剥がれていく！孫社長「あきらめていないか？」
it-life-hack	0		ケーブルいらずのスマホバッテリ！情報満載の1日を振り返る
it-life-hack	0		話題の最新スマホを活用する方法！iPhoneで使える意外と知らない技
it-life-hack	0		iPad対抗のMSタブレットって何？マイクロソフトの秘策を振り返る
it-life-hack	0		こんこん、ふぉっくす紺子だよ！紺子のぬいぐるみ、できたんだよ
it-life-hack	0		スマホで使える驚愕の次世代眼鏡！身に付けられるディスプレイ
it-life-hack	0		PS Vita 3G版ユーザーで何割のユーザーが3G通信を解約したか考えてみる
it-life-hack	0		写真に友達のタグを付けて公開を知らせる　Facebookテクニック
it-life-hack	0		出演者は130人超、前夜祭も開催！ 真夏のダンマス4は超熱い！
it-life-hack	0		星空を好きな時間に自宅で見よう！都会の星 Mook（写真集）を限定販売
it-life-hack	0		え？ホントかよ（笑） 合コン用語なる摩訶不思議な用語が話題に
it-life-hack	0		PS Vita 3G版で3G解約は何割？情報満載の1日を振り返る
it-life-hack	0		CrucialのSSDがより身近に！ アスクがマイクロンジャパン正規代理店に
it-life-hack	0		このまま3G通信を生かせないとどうなる？ PS Vitaの3G版の行く末 
it-life-hack	0		ご当地アプリがiPhoneカバーに！　登場！ぐんまのやぼう ＆ にほんのあらそい iPhoneカバー
it-life-hack	0		117万2132件の動画中最高の1本！ニコニコ動画「第4回動画アワード」グランプリ作品決定
it-life-hack	0		その建物に歴史あり！　建物の名称を表わす“建て書き”写真の数々
it-life-hack	0		笹食ってる場合じゃねぇ！孫社長 イベントの講演を宣伝
it-life-hack	0		117万2132件の動画中最高の1本！情報満載の1日を振り返る
it-life-hack	0		中高年の星！地方発の価格比較ができる便利サイト「お買い得.net」活用のススメ
it-life-hack	0		自分のパソコンを自分で組み立てる！富士通のパソコン組立体験サービス
it-life-hack	0		Excelで5ずつ増える数を入力！Excelで意外と知らない便利ワザ
it-life-hack	0		今年の夏は湘南とお台場へGo！　ニコニコ神社、夏の出張はお台場と海の家
it-life-hack	0		その正直さかっけーっす！ Transcend Japan公式Twitterアカウントの“漢”さ
it-life-hack	0		ようやくiPhoneでもChromeが使えるように！
it-life-hack	0		東山正宜と石井ゆかりが織りなすロマンテックな都会の星！GR DIGITAL IVでも撮れる秘密とは？
it-life-hack	0		文字が超きれいなRetina Mac！文字にこだわるならこれしかないでしょ
it-life-hack	0		毎日数十万番組！ニコニコ生放送の放送番組数が1億番組を突破
it-life-hack	0		利用の拡大が続くタブレット端末　GfK Japan「012年4月期企業のタブレット型端末導入状況調査」
it-life-hack	0		待望のiPhone版Google Driveがついに登場！　いつでもどこでもスケジュールや計算書をチェック
it-life-hack	0		装着場所が無いならサンバイザーだ！サンバイザーに装着するホルダー
it-life-hack	0		過去最高のサウンド品質かも！ 音もナイスなRetina MacBook Pro 
it-life-hack	0		これでぐっすり！早く眠れる睡眠導入アプリ 
it-life-hack	0		原因判明！ アップデート中のWindows XPで青画面が続出した「ブルースクリーン祭り」
it-life-hack	0		正論。でもしんどいときもある！孫社長「人生は己の判断で決めるべき」
it-life-hack	0		iPhone版Google Drive体験レポ！情報満載の1日を振り返る
it-life-hack	0		コンデジでも星の軌跡が撮れるGR IVインターバル合成撮影の秘密！「都会の星」トークショー
it-life-hack	0		診断ツールでパソコンを高速化！アプリで劇的に高速化するPC裏技
it-life-hack	0		ターガス製のUSB3.0ポートリプリケータ登場！　レビューアーになれば無償でゲット
it-life-hack	0		こんこん、ふぉっくす紺子だよ！ミニうちわも企画中だよ
it-life-hack	0		無料PDF作成ソフトを大活用！PDFでビジネスが変わる
it-life-hack	0		これで今日からExcelの達人！ビジネスに必須のExcel基本ワザ
it-life-hack	0		出席者の数がすぐにわかるExcelワザ
it-life-hack	0		auの成長率が日本一！関西ユーザーにみる高いスマホ通信費の節約法
it-life-hack	0		ゲーム機に必要なストレージ容量は？ ダウンロード販売が本格化
it-life-hack	0		もっと便利な語学学習を！！NHK出版の「語学プレーヤー」
it-life-hack	0		ついつい見入っちゃうよね！　航空会社提供の機内食＆ラウンジ食の数々
it-life-hack	0		孫社長が新スマホを大々的に宣伝！放射線測定スマホを開発した理由
it-life-hack	0		美味しそうな航空会社の機内食！情報満載の1日を振り返る
it-life-hack	0		いよいよ夏本番！ 梅雨明け後の夏らしい青空写真
it-life-hack	0		スマホ＆ケータイ、デジカメ＆携帯ゲーム機で！色んなSDカードを一挙解説！
it-life-hack	0		いい大人が癒やされたくなった！ スマートペット育成記 （1）
it-life-hack	0		かなり雰囲気のある写真が撮影できる「残像カメラ」
it-life-hack	0		いったい何が起きた？ 　SCEのネットワークレコーダー「nasne」が突然の発売延期
it-life-hack	0		本体なしでも育成とゲームが可能！ スマートペット育成記 （2）
it-life-hack	0		iPhone5用ケース続々先行発売中！　存在しないはずのiPhone 5用ケースが通販中
it-life-hack	0		iPadでオリンピックを見よう！地デジを無線化して、どこでもテレビだ
it-life-hack	0		緊急速報！ちょっとしたアクシデントも発生！最強の電子ブックリーダー「kobo Touch」開封レポ
it-life-hack	0		自然災害だからと諦めない！　災害救助法適用地区に関する特別サービスを利用しよう
it-life-hack	0		芸能・ゴシップネタはこちら！ ITライフハックでは読めない話題は三面貴族で読もう！
it-life-hack	0		テレビ電話にもなる！ iPad対応のBluetoothキーボードとハンドセット
it-life-hack	0		作りたいのは碁盤目のような表ばかりじゃない！　Wordの表を自由自在に編集
it-life-hack	0		ダウンロード版ゲームはお得に購入できるのか？ 新たに始まった任天堂のダウンロード版ゲーム
it-life-hack	0		ドデカクーラー登場！　ZALMANより6本ヒートパイプの巨大CPUクーラー
it-life-hack	0		あなただけのオリジナルダンス作成！ Twitter/Facebook連動コンテンツ「重低音BROTHERS meets EXTRA BASS 」
it-life-hack	0		意外と知らないExcelのウラ技！仕事で役立つウルトラテクニック
it-life-hack	0		こんこん、ふぉっくす紺子だよ！暑中見舞いカードを無料配布してます
it-life-hack	0		ゲーム関連の話題まとめ　PC関連だけでなくあらゆるデバイスに精通するデジ通
it-life-hack	0		スマホの音楽をお風呂場で聴く技！iPhoneで使える無線防水スピーカ
it-life-hack	0		オリジナルのままじゃつまらない！　ひと手間加えてTumblrのデザインを変更する
it-life-hack	0		ダウンロードカードも販売！ 任天堂によるソフトダウンロード販売の詳細が明らかに
it-life-hack	0		イザというときのZohoがパワーアップ！ZohoのオフィスシリーズがGoogleドライブと連携
it-life-hack	0		高解像度の写真で見る！キヤノンのミラーレス一眼「EOS M」はココが凄い
it-life-hack	0		高画質と小型・軽量化を両立！キヤノンのミラーレス一眼「EOS M」を見てきました
it-life-hack	0		ウェディング雑誌に凄い付録！　「ゼクシィ」9月号の付録は「乙女すぎるドライバーセット」
it-life-hack	0		静音PCに最適なグラボ登場！　アスクよりファンレスのKepler搭載グラボ登場
it-life-hack	0		5機種並べて比較！ウルトラブック選びに迷わない　「ウルトラブック徹底比較表！MY BEST Ultrabook(TM)」が公開
it-life-hack	0		便利と危険は背中合わせ！BIOSロックでデータ盗み取りを防げ
it-life-hack	0		写真補正がワンタップでできるアプリ！ SnapDishがlivedoorブログと連携
it-life-hack	0		月額1,050円でSASディスクを搭載！クラウドプラン 「エクスライト（EX-LITE）」の魅力を探る
it-life-hack	0		シマンテックより警告！　メールアドレスを収集する危険なアプリに要注意！
it-life-hack	0		手軽にブログ更新がわかる！　ブログ更新チェックサイト「ひとくり」を試してみた
it-life-hack	0		最新鋭タブレット「Cintiq 24HD touch」が登場！プロが徹底チェックした貴重なレビューを公開中
it-life-hack	0		1万4千円を切るAndroid4.0タブレット　激安なAndroid4.0搭載7インチタブレット登場
it-life-hack	0		「なつき度」アップで要求が次々！ スマートペット育成記 (3)
it-life-hack	0		MSIより低価格マザー登場！　Ivy Bridge対応のIntel 7シリーズ激安マザー
it-life-hack	0		UbuntuでOffice互換ソフトを使う OpenOfficeをめぐるあれこれ
it-life-hack	0		Ultrabookをパワーアップ！　mSATA対応の小型SSDがマイクロンより登場
it-life-hack	0		3割近くがタブレットを所有 価格.comリサーチによるタブレット所有リサーチ結果
it-life-hack	0		Mountain Lion登場！　25日よりMac App StoreからMountain Lion公開
it-life-hack	0		ビデオメモリー4GBの意味は？　低価格ながら4GBメモリー搭載のグラボ
it-life-hack	0		シンプル・スリム！スタンドやiPhoneを張り付ける不思議なマグネットスタンド&カバーケース
it-life-hack	0		納得いかない写真は見せない！　Facebookのタグ付き写真は承認する
it-life-hack	0		旅行・出張先のホテルでネットを無線化！ポケットルーターをタダでもらおう
it-life-hack	0		音声認識で英語の発音練習しよう Siriを使うiPhoneアプリReal英会話
it-life-hack	0		知りたいニュースがここにある！職業別最新ITニュース活用法
it-life-hack	0		MS Office互換、Google IMEも使える！　イザというときのUbuntu環境構築まとめ
it-life-hack	0		ユニークな携帯マナーが話題 に！ “さすが社学”早稲田大学の携帯マナーが秀逸だと話題に
it-life-hack	0		タグ付けから友達管理まで　Facebook活用のスゴ技・裏技テクニック集
it-life-hack	0		こんこん、ふぉっくす紺子だよ！暑中お見舞いカードもらってくれてありがとー
it-life-hack	0		オリンピック期間中は毎日更新？　Googleロゴがスポーツ関連画像に変化！
it-life-hack	0		外出先で録りためたビデオを見る！クラウドの動画ライブラリを作ろう
it-life-hack	0		Excel表を書き換えたのに再計算されない!?　を解決する
it-life-hack	0		あの有名漫画が無料で読める！　ニコニコ静画で少年ジャンプ作品の無料配信を開始
it-life-hack	0		進化するUltrabook　全部入りUltrabookにテカテカ液晶モデルが追加
it-life-hack	0		DL版は高く使い勝手も良くはない 任天堂のダウンロード販売始まる
it-life-hack	0		本日のGoogleロゴは吊り輪　Googleロゴがスポーツ関連画像に変化第二弾
it-life-hack	0		アプリを使って賢くショッピング♪　お買い得.netを徹底活用
it-life-hack	0		Zeroから戻す方法も簡単に！　昨日より一般会員もZeroが利用可能に！
it-life-hack	0		国内主要空港でのサポートを拡充！テレコムスクェア新オープン＆リニューアル！
it-life-hack	0		夏と言えば朝顔！　小学生時代を思い起こさせるアサガオ観察日記ツイート
it-life-hack	0		“何かあったら知らせてくれる”安心をNASに！「NarSuS（ナーサス）」とは何ぞ？
it-life-hack	0		仲間内だけでヒミツの会話　Facebookのグループ機能
it-life-hack	0		冷房なしでは低温やけどしそうな熱さ！ 発熱は他製品と同じMacBook Pro Retinaディスプレイモデル
it-life-hack	0		昼までに頼めば当日着！　ドスパラ通販の当日配達サービスが強化
it-life-hack	0		細かな違いや使用感がわかる！ありそうでなかった白髪染め体験記サイト
it-life-hack	0		本日のGoogleロゴはテーブルテニス　Googleロゴがスポーツ関連画像に変化第四弾
it-life-hack	0		Windows8登場でどう変わる？ 2012年パソコン秋冬モデルの動向を考える
it-life-hack	0		少し古いマシンに向くSSD登場！ マイクロンよりSATA2.0に最適化されたSSD
it-life-hack	0		ロープロ対応で省スペースPCに喝！　手ごろなRadeon HD 7750搭載グラボ登場！
it-life-hack	0		本日のGoogleロゴは砲丸投　Googleロゴがスポーツ関連画像に変化第五弾
it-life-hack	0		ゲリラ豪雨にも勝てる？ iPhoneをマイ自転車に搭載できる強力な防水機能マウント 
it-life-hack	0		Wordで表の列幅や行幅をピッタリ微調整する
it-life-hack	0		iPhoneやスマホにLINEキャラをデコレーション！　LINEキャラステッカーと目を保護するシート
it-life-hack	0		七人の侍によって開発された新素材！　NECのLaVie Zで使われた新素材の開発秘話
it-life-hack	0		本日のGoogleロゴは棒高跳　Googleロゴがスポーツ関連画像に変化第六弾
it-life-hack	0		今でも、後でも読めるニュースがここにある！スマホでもタブレットでも読みやすいITニュース活用法
it-life-hack	0		Windows8、Retina Mac情報　PCの情報に精通するデジ通の原点
it-life-hack	0		残暑見舞い挨拶の簡単挿入や書式の再利用　文書をカッコ良く効率的に作るWordの小技集
it-life-hack	0		ふぉっくす紺子だよ！暑中お見舞いカードもらってくれてありがとー
it-life-hack	0		本日のGoogleロゴはやり投　Googleロゴがスポーツ関連画像に変化第七弾
it-life-hack	0		ドラクエXで遊ぶのに必要な物 PCの周辺機器を流用できる
it-life-hack	0		1ページに表示する投稿数を読みやすく調整するtumblrワザ
it-life-hack	0		今週末は北海道へGo！　ニコニコ町会議in 北海道長万部町の詳細決定
it-life-hack	0		ネット上の無断転載を巡る議論　無断転載はされて当然という意見にTwitterが騒然
it-life-hack	0		本日のGoogleロゴはプレイ可能なハードル　Googleロゴがスポーツ関連画像に変化第八弾
it-life-hack	0		購入してよかったの最高はEOS DIGITAL　ブランド総合研究所「デジタル家電イメージ調査2012」
it-life-hack	0		ペットが毎日のように病気になる！ スマートペット育成記 （4）
it-life-hack	0		より低消費電力なCPUにも対応！　ZOTACのmini-ITXマザーがXeon E3シリーズをサポート
it-life-hack	0		ボカロ曲のみのライブ開催　「Voca Nico Night」-Live Stage-8月25日、26日で開催
it-life-hack	0		廃プレイせずとも楽しめるドラクエX！　 プレイしなくても他プレーヤーとの差が広がらない仕組み
it-life-hack	0		ニュースやメールをいつでもチェック！　Chromeをカスタマイズしよう
it-life-hack	0		nasneが再出発！　出荷延期中だったSCEのnasneの再出荷が決定される
it-life-hack	0		東芝より3TバイトHDD登場！ 主要メーカーの3.5インチHDDで3Tバイトモデルが出そろう
it-life-hack	0		プレイ可能なGoogleロゴ第三弾！　Googleロゴがスポーツ関連画像に変化第十弾
it-life-hack	0		やはり ドラクエXも例外ではなかった！　ゲームの通貨やアイテムを実社会で売買するRMT行為
it-life-hack	0		フルHDを超えるWQHDの解像度！　大解像度時代到来！5万円を切るデルの液晶ディスプレイ
it-life-hack	0		地方の元気が日本の元気に！「ニコニコ町会議」佐賀県唐津市呼子町に1万6千人が来場
it-life-hack	0		紙飛行機に足が！　思わず作ってみたくなる足の生えた紙ヒコーキ
it-life-hack	0		プレイ可能なGoogleロゴ第四弾！　Googleロゴがスポーツ関連画像に変化第十一弾
it-life-hack	0		iPhone撮影の手ブレを防ぐ！ iPhone用のシャッター延長アクセサリー
it-life-hack	0		タブの多段表示やウィンドウのシングル表示　Firefoxを強化しよう
it-life-hack	0		間違いなくワイルドなiPhoneカバー！　スギちゃんのiPhoneカバー登場！
it-life-hack	0		2年間で20万円超のスマホ料金！？ 音声専用契約からの変更では何と6倍に
it-life-hack	0		作品から溢れ出る音を感じよう！相星哲也の写真展「韻」の不思議
it-life-hack	0		本日はプレイ不可なロゴ！　Googleロゴがスポーツ関連画像に変化第十二弾
it-life-hack	0		デザイン変更や調整テクニック　Tumblr使いこなしテクニック
it-life-hack	0		ふぉっくす紺子だよ！紺子ぬいぐるみ、みんなのところに行けるといいなぁ
it-life-hack	0		オリンピック最終日ロゴは閉会式！　Googleロゴがスポーツ関連画像に変化第十三弾
it-life-hack	0		ペットロボットの状態は？　これからどうなる？ 不定期連載スマートペット育成記
it-life-hack	0		Firefoxの超簡単ブックマーク登録ワザ
it-life-hack	0		町会議ラス前開催は福島県！　ニコニコ町会議in 福島県三春町の詳細決定
it-life-hack	0		第三弾間もなく開始！ Sapphire製グラボ購入キャンペーン第二弾終了間近につき
it-life-hack	0		ペットの「拾いもの」に福あり！ スマートペット育成記 （5）
it-life-hack	0		23年ぶりの天体ショー再び！  14日未明は金星食を観測しよう！
it-life-hack	0		うちにもプラチナバンドが来た！　ソフトバンクのプラチナバンド帯が徐々に拡大中
it-life-hack	0		24時間しょこたん三昧　本日0時より「中川翔子が売ってみた！独り24時間テレビ」ニコニコ生放送開始
it-life-hack	0		Ubuntuをもっと「Windows的」にしたい！ デスクトップのシェルを変更する
it-life-hack	0		大人気Ultrabookが作れる！　親子で体験!! デル パソコン組み立て教室5回目の開催が決まる
it-life-hack	0		日本最大級のショッピングポータルがオープン！「イオンスクエア」が凄い理由
it-life-hack	0		Googleロゴが往年の料理研究家に！　本日のGoogleロゴは有名な料理研究家の生誕100周年記念
it-life-hack	0		同じ趣味の人を紹介し合おう　Facebookで広げる友達の輪
it-life-hack	0		PCとはちょっと違うAndroidにおけるROMとRAMの意味！  Android端末の選び方
it-life-hack	0		明日は福島県三春町で町会議！　北の大地に2千人来場！北海道長万部町の町会議
it-life-hack	0		これじゃない感バリバリ！　ファミマの初音ミクコラボ肉まんが話題に
it-life-hack	0		Webで認知症チェックができる！ 日本初の認知機能チェックサービス「脳測」正式公開
it-life-hack	0		バージョンアップは提供されるのか? Android端末の選び方
it-life-hack	0		本日深夜販売敢行！　例のアレか？　本日ドスパラパーツ館で深夜販売！
it-life-hack	0		話題集めの必需品！ お待たせしました！三面貴族のiOS版が登場！
it-life-hack	0		Kepler最新モデル登場！　深夜販売も行われたNVIDIAの最新GPU「GeForce GTX 660 Ti」
it-life-hack	0		GeForce GTX 660 Ti搭載PC登場！　ドスパラより新型GPU搭載モデル発売開始
it-life-hack	0		フリップカバーにスタンド＆バッテリーまで内蔵！ GALAXY SIII専用ケース
it-life-hack	0		同窓会や女子会で大活躍！　Facebookで簡単イベント作成
it-life-hack	0		私立中高5校とコラボ！　iPhone＆Androidアプリ制作を学ぶ「Life is Tech!サマーキャンプ」
it-life-hack	0		心の中に音を感じたときに撮る！相星哲也 氏が語る、音を感じる風景
it-life-hack	0		自分が選んだニュースにコメントが！シェアで変わるITニュース活用法
it-life-hack	0		イベント作成や友人の紹介方法　Facebook活用のスゴ技・裏技テクニック集
it-life-hack	0		おはこんこん、アキバ大好き！祭りだよ
it-life-hack	0		ドラクエX情報やダウンロード販売詳細　任天堂のゲーム関連情報をまとめてみた
it-life-hack	0		なんだこの不思議な空は？　神奈川周辺で見られた不思議な空が話題に
it-life-hack	0		MSがSkyDriveをアップデート！　 その外観はまさに「Metro風」（旧称）に！
it-life-hack	0		会議の遅刻がなくなる！　Chromeの拡張機能
it-life-hack	0		面白い生放送がわかる新機能　ニコ生の「ルーキーランキング」と「Tweetまとめ」を試した
it-life-hack	0		3万円台のコンパクトベアボーン　ZOTACのベアボーンに新モデルが登場
it-life-hack	0		はるかぜちゃんかっけー！ togetterまとめを使ったはるかぜちゃんからのメッセージ
it-life-hack	0		パチンコ店でも通話がクリア！電話としてのau最新スマホの音声を徹底チェック
it-life-hack	0		Androidアップデートは何が重要か? OSのアップデートよりも重要な事
it-life-hack	0		まだまだ残暑厳しい今夏　ノートPCの熱対策はOK？
it-life-hack	0		かっこ良すぎるまな板！　アスクよりAerocoolの「Strike-X AIR」登場
it-life-hack	0		増税・値上げに負けない！ノートPCでできるネット収入アップ化計画
it-life-hack	0		目的のキーワードへ素早くジャンプできるChrome拡張機能
it-life-hack	0		最新バージョンに追いつくことはできる？ Android端末選択指南
it-life-hack	0		町会議が震災復興を応援！　福島県三春町の町会議レポート
it-life-hack	0		ガガを聴きながら毎朝歯磨き！　レディー・ガガ　シンギングトゥースブラシ独占先行販売
it-life-hack	0		漫画家/イラストレーター志望のクリエイターのたまご必見！　デジタルでの制作環境が全て揃うレビューアー募集開始
it-life-hack	0		国内向けスマホではアップデートが提供されない端末も！ Android端末選択指南
it-life-hack	0		Ultrabookにモバイルノートに最適！　厚さ9ミリUSB3.0対応のポータブルHDD「カクうす9」
it-life-hack	0		真夏のダンスに15万人が熱狂　大盛況だったニコニコダンスマスター4レポート
it-life-hack	0		高耐久HDD搭載PC登場！　ドスパラより壊れにくいHDDを採用したモデルが登場
it-life-hack	0		GALAXY Noteをアウトドアでバリバリ使える！ GALAXY Note防水ケース
it-life-hack	0		Firefoxのダウンロードを俄然便利にするアドオンソフト
it-life-hack	0		2ステップで録画開始！ Youtubeやニコニコが録画できるB′s 動画レコーダー 2
it-life-hack	0		手ごろな価格のクーラー登場　ノートPCの熱対策はOK？第二弾
it-life-hack	0		ラジオ会館×カムイがコラボ！ふぉっくす紺子ちゃんが応援
it-life-hack	0		人生には笑いと驚きが必要だ！面白いニュースをどんどんシェアするITニュース活用法
it-life-hack	0		ブラウザカスタマイズのポイント解説　Firefox＆Chrome使いこなし術まとめ
it-life-hack	0		おはこんこん！今回は超特大のお知らせがあるよ
it-life-hack	0		週末はPC活用＆メンテナンス！　【PC快適術】でPCをチェックしより快適に使おう
it-life-hack	0		全国21店舗で配信開始！　ドスパラが9月より店内放送型情報番組を開始
it-life-hack	0		関西の3G回線の実用度をチェック！ うらやまし過ぎる3GとWiMAXの使い分けができる通信環境
it-life-hack	0		Wordで作成した表を2つに分ける便利ワザ
it-life-hack	0		加入者は追加料金なしでOK！ WOWOWのスマホ向けオンデマンドサービス
it-life-hack	0		いよいよラストの町会議！　ニコニコ町会議in 東京都八丈島の詳細決定
it-life-hack	0		ステマはなくなるか？ Yahoo! JAPANと食べログが業務提携
it-life-hack	0		今後のアップデートに期待！ 無料期間後も課金する人が大多数のドラクエX 
it-life-hack	0		切れない携帯はホントに必要か？　東京メトロにおける携帯のサービスエリア拡大
it-life-hack	0		世界最大7.7インチ液晶タブレットで全機種Xi対応　ドコモより新機種5モデルが登場
it-life-hack	0		オーバークロックを推奨するマザー！ MSI製“超品質”マザーボード「Z77 MPower」登場
it-life-hack	0		ハードルが高いダブルすれちがい ドラクエXですれちがいは盛り上がるか?
it-life-hack	0		連続入力するデータを自分で作っちゃおう！　Excel便利ワザ
it-life-hack	0		売れ筋モデルがさらにコンパクトに　EPSONより2012年インクジェット新モデル登場
it-life-hack	0		ソーシャルメディア戦略を加速！グリー、GREE TV（仮）を開発へ
it-life-hack	0		高ワットを安定供給できる電源！　ZALMANより1250ワット電源発売開始
it-life-hack	0		蘇れ青春！俺のオリジナル編集MDをスマホで聞いてくれ計画
it-life-hack	0		プレゼンのジェスチャーの参考に！ AMD CEOのパワフルなプレゼンテクニック
it-life-hack	0		最新PLC規格は最大240Mbps！　アイ・オー・データ機器より第3世代HD-PLCアダプター
it-life-hack	0		スマホでシャッター＋デジタル一眼レフ画質のAPS HDセンサー搭載ミラーレスデジ一眼「NEX-5R」を発表
it-life-hack	0		愛される英王子　裸で敬礼！ ハリー英国王子に対する英国軍人の大いなる愛
it-life-hack	0		何だこのおもちゃみたいなの？ Googleロゴが子供のおもちゃみたいになっている理由
it-life-hack	0		叩いてもひっかいてもOK！iPhone液晶を保護するスクリーンプロテクター
it-life-hack	0		来年こそは黒字達成（たぶん）！ ニコニコ超会議2の開催決定！
it-life-hack	0		乃木坂46ではデジカメがブーム？「1000メディア出演キャラバン」でメンバーに聞く
it-life-hack	0		プロフィールはいつでも見てもらいたい　tumblrで別ページ作成
it-life-hack	0		入手困難なDVDドライブが絶対当たる！ ZENBOOKを買うと絶対もらえるキャンペーン開始
it-life-hack	0		スマホに関する疑問に答えます！ PC使い故のスマホへの疑問を解決
it-life-hack	0		ふぉっくす紺子だよ！アキバとPC業界を応援します
it-life-hack	0		意外と知らないExcel技を紹介！ 他人と差をつけるExcel技特集
it-life-hack	0		次に見れるのは3年後？　先週末に見れたブルームーンが綺麗だと話題に
it-life-hack	0		安価に作るマルチディスプレイ環境　独自拡張のグラボ「「FLEX HD7770 GHZ EDITION」
it-life-hack	0		Firefoxのブックマーク管理がタグでもっと便利になる
it-life-hack	0		Windows 8 Proが1200円！ 「Windows 8 優待購入プログラム」
it-life-hack	0		何で誰もやらなかったの？  重ねるだけで容量を増やせるモバイルバッテリー
it-life-hack	0		価格が安価で矯正を気づかれない！綺麗な歯並びになれる、歯列矯正の最前線
it-life-hack	0		困った時は彼に聞いてみよう！ Googleのスマホ用音声検索サービス「みらいサーチ」
it-life-hack	0		今度はiPad mini完全対応ケース！ 未発表のiPad mini完全対応ケースの先行予約販売開始
it-life-hack	0		レノボWindows 8タブレットを公開 詳細は不明ながらThinkPad同様に企業向け
sports-watch	1		秋山成勲、メールで吉田に対戦迫った!?
sports-watch	1		 皇成以上の″大物″!?　ついに騎手デビューへ
sports-watch	1		国母の服装問題に、山本KID「くだらん」
sports-watch	1		美女スノーボーダー藤森、無念の棄権。ブログで状況明かす
sports-watch	1		日本にメダルをもたらした“噂の競技スーツ”とは？
sports-watch	1		15歳の高木美帆、初五輪は“会社員でいう研修期間”
sports-watch	1		浅田真央の逆転優勝、荒川キッパリ“可能です”
sports-watch	1		ダルビッシュに第二子が誕生
sports-watch	1		 あの名物珍名馬主・今年は役職シリーズ？
sports-watch	1		決戦から一夜、真央「3回飛ぶって決めてました」
sports-watch	1		進むフィギュアの高得点化、荒川のトリノ五輪時得点は——
sports-watch	1		安藤美姫“日本の人の声は気になったり、今でも怖い”
sports-watch	1		浅田真央が演技後に見せた涙、もう一つの理由とは？
sports-watch	1		菊池雄星、定まらない投球フォームに頭抱える
sports-watch	1		恐れを知らない松村アナ、武藤＆蝶野に無礼連発
sports-watch	1		 配当上乗せの「JRAプレミアムレース」ではこの馬券を買え！
sports-watch	1		キム・ヨナに質問、“恋の方はどうですか？”
sports-watch	1		J復帰の稲本語る“日本とヨーロッパサッカーの違い”
sports-watch	1		2010年プロ野球界のキーマンは？
sports-watch	1		東原亜希“デスブログ”、スポーツ界を超越
sports-watch	1		 心ない野次に騎手が激怒“「死ね」だけは許せない”
sports-watch	1		“美人すぎる市議”、ジェイロックと契約を締結
sports-watch	1		 迷走中!?　『うまプロ！』は何がしたいのか—
sports-watch	1		俊輔“いいプレーがなかったら代表も危ない”
sports-watch	1		人気女子ゴルファー、苦難の時代を語る
sports-watch	1		ダルビッシュが衝撃の告白、新球種を生み出した
sports-watch	1		高橋尚 “（カットは）ピッチャーだけで9人。明日は我が身”
sports-watch	1		巨人の開幕オーダーは？ 高橋「出れないのであればしょうがない」
sports-watch	1		人気ジョッキー・三浦に起こった“ショッキングな出来事”
sports-watch	1		モデル高垣、スピードスケート清水との交際を語る
sports-watch	1		興毅のプロ初黒星、史郎氏「本当に申し訳ない」
sports-watch	1		キム・ヨナの失速、韓国記者「引退の可能性は50％」
sports-watch	1		興毅の敗戦にジョージ＆テリーは「勉強になったと思う」
sports-watch	1		石川遼、2度目のマスターズへ “（去年は）ヤベェ、ヤベェ言ってた”
sports-watch	1		新大関・把瑠都、突っ張り開眼も「申し訳ない」
sports-watch	1		TBSの新スポーツ番組はどうだった？（1） 野村前監督、岩隈不調に「大変心配」
sports-watch	1		TBSの新スポーツ番組はどうだった？（2）野村×ラモスが言い合いに
sports-watch	1		TBSの新スポーツ番組はどうだった？（3）不安定な初回放送を露呈
sports-watch	1		岡田監督が胸中を告白「3試合ともキツイ」
sports-watch	1		城島の決意「プロ野球を楽しくやろうとは思わない」
sports-watch	1		ノリノリ秋山、五味の試合にダメだし連発
sports-watch	1		ノムさんが挙げる4番バッター・ベスト5とは？
sports-watch	1		浅田真央「恋したい」発言に上田＆江川がツッコミ
sports-watch	1		史郎氏がライセンス返上“子どもたちの足を引っ張った”
sports-watch	1		朝青龍の協会批判は誤解、通訳者のミスだった!?
sports-watch	1		“恋したい”浅田真央が苦笑い 「残念ですね」
sports-watch	1		日本人以上に世界で知られるメジャーリーガーが退団
sports-watch	1		闘莉王、ドイツW杯時は「自分にイライラしてた」
sports-watch	1		内藤にズバリ質問 「試合に負けて、生活は苦しくないですか？」
sports-watch	1		巨人・星野の壮絶野球人生“ひどいことするなって”
sports-watch	1		鬼嫁・新山千春“ゴミが私の手にやってくるって考えられない”
sports-watch	1		子供がなりたい職業とは？
sports-watch	1		阪神と広島にみる、1勝＝5億円の差とは？
sports-watch	1		浅田姉妹が徹子の洗礼!?
sports-watch	1		ラモスが絶賛「岡ちゃんに電話しよ」
sports-watch	1		諸見里しのぶ 「1打でこんなにも違うんだって」
sports-watch	1		W杯ツアー業者が音信不通、被害額は1500万円超!?
sports-watch	1		レスラー西村、参院選出馬で武藤とコンビネーションツイート
sports-watch	1		日本代表メンバー選考、トルシエ氏の懸念は？
sports-watch	1		サッチーvsミッチー実現なるか？ プロレス団体名は「SMAP」に？？
sports-watch	1		テリー伊藤「相当、谷さんは図々しい」
sports-watch	1		元大関・千代大海、M-1王者にガン飛ばした
sports-watch	1		石川遼人気でホクホクの芸能人とは？
sports-watch	1		ラモス氏“監督は鉄になるしかない”
sports-watch	1		アイドルレスラー・風香が病気を告白
sports-watch	1		マエケンが好調の理由 “試合の中で自然とそうなった”
sports-watch	1		俊輔、W杯で“もし初戦を落とした時——”
sports-watch	1		小川、谷亮子の出馬に「絶対に無理」
sports-watch	1		高所得者が考える「理想の部下」に有名アスリートが軒並みランクイン
sports-watch	1		 JRAに貢献した競走馬——、2年連続で選定なし
sports-watch	1		女優・片瀬那奈、CL決勝戦よりも——
sports-watch	1		K-1王者となって今でもアルバイト生活変わらず
sports-watch	1		女性が観戦したいスポーツ、1位はフィギュアスケートに——
sports-watch	1		高田監督辞任は、少年ファンの暴言が決め手に!?
sports-watch	1		日本代表再建のキーマンは？
sports-watch	1		プロレスラー坂田が、民主党議員に激怒
sports-watch	1		トルシエ氏「岡田監督の発言は趣味の悪い冗談」
sports-watch	1		岡田監督の進退伺発言、その深い意味とは？
sports-watch	1		W杯で日本はどうしたら勝てますか？
sports-watch	1		桑田の講義に、魔裟斗とラモスが真っ向から反論
sports-watch	1		上田桃子「この度、結婚致します」
sports-watch	1		岡田監督、W杯ベスト4の目標設定した意図
sports-watch	1		中村俊輔と本田圭佑、チームの軸はどちらか？ 其の一
sports-watch	1		中村俊輔と本田圭佑、チームの軸はどちらか？ 其の二
sports-watch	1		ナイナイ矢部の“裏やべっちF.C.” 「松井大輔を使え！」
sports-watch	1		元代表二人によるカメルーン戦の予想は？
sports-watch	1		野村監督から重大発表!? 視聴者欺くTBS
sports-watch	1		セルジオ越後氏「試合そのもののレベルも高くなかった。それでも・・・」
sports-watch	1		喜びの声続々、奥寺氏「カメルーンはバラバラ」
sports-watch	1		ノムさん復活、W杯には「日本は弱いんですか？」
sports-watch	1		みのもんた上機嫌「オランダ戦は4-0で日本」
sports-watch	1		ゴン中山、退屈なゲームに「日本戦じゃなきゃ、寝てますね」
sports-watch	1		テリー、岡田監督に「僕らもボロクソいってましたから」
sports-watch	1		元プロレス雑誌編集長が告白「馬場から裏金をもらっていた」
sports-watch	1		日本惜敗、セルジオ氏「オランダとの力の差は1点以上ある」
sports-watch	1		中田英、日本惜敗も「勝ちにいく姿勢が見えたっていうのは大きい」
sports-watch	1		ゴン中山 「岡崎は42歳まで現役をやるでしょう」
sports-watch	1		日本代表の快勝にセルジオ氏「日本サッカーにとっても明るい」
sports-watch	1		みの、日本勝利に「4-0で日本っていったのは僕だけ」
sports-watch	1		日本代表勝利に「日本人として誇りを感じる」
sports-watch	1		日本惜敗も、セルジオ氏「サッカーは守りだけじゃないからね」
sports-watch	1		パラグアイ戦終了、中西氏「マン・オブ・ザ・マッチは、本田」
sports-watch	1		岡田監督、初戦で掴んだ自信“お前らできんだろ？”
sports-watch	1		岡崎語る本田の自信、“マイケル・ジャクソン超えるから”
sports-watch	1		長谷部に対し、松井“キャプテンぶってる”
sports-watch	1		岡田監督、松井に“グルノーブルでは、サボっているように見えた”
sports-watch	1		岡田監督、高校時代は女性用パンティーを着用!?
sports-watch	1		琴光喜の退職金、「満額なら5500万円」!?
sports-watch	1		カズ、松井にエール「僕に言わせれば赤ん坊」
sports-watch	1		GK川島「“どや顔ってなに？”っていう感じだった」
sports-watch	1		花田勝氏、貴乃花親方と「お互い連絡先はわからない」
sports-watch	1		テリー伊藤“大嶽親方、出世して琴光喜を雇え”
sports-watch	1		毎日jpがK-1記事で誤報 “年内の活動を休止”
sports-watch	1		ナイナイ矢部、「優勝はスペインって言ったでしょ？」
sports-watch	1		引退した仁志がテレビに出演、“徹底解説”の筈が——
sports-watch	1		駒野、“あの瞬間”を語る 「皆と目を合わすことができなかった」
sports-watch	1		魔裟斗、川島永嗣に「彼女いないんですか？」
sports-watch	1		長谷部がカズ一家と会食、「理想の家族像」
sports-watch	1		“左のおかわり君”坂田「去年は全く歯が立たなかった」
sports-watch	1		興毅が魔裟斗に「結婚してから、何か変わりました？」
sports-watch	1		ロッテ西岡がモデルと結婚「ボクのワガママで誕生日に入籍する」
sports-watch	1		“満塁男”駒田氏が、最近の虐待事件に怒り露わ
sports-watch	1		亀田大-坂田決定、“負けたら坊主”に「私がなります」
sports-watch	1		片岡安祐美のハプニング“ノーブラで練習に行ってた”
sports-watch	1		秋山成勲、ファイトマネーを横領された!?
sports-watch	1		遠藤語るフリーキック「一つの駆け引き」
sports-watch	1		ヴェルディ財政難に、ラモスが悲痛の訴え
sports-watch	1		楽天次期監督は桑田真澄氏？ 週刊大衆報じる
sports-watch	1		ダルビッシュが不可解なリツイート「しゅ、しゅごいぃぃいっ」
sports-watch	1		宮里藍、今シーズン好調の理由を語る
sports-watch	1		ダルビッシュと川崎宗、試合後にツイッターで激励
sports-watch	1		今井メロ、自身のブログで結婚＆出産を報告
sports-watch	1		チームに溶け込む長友「ここまで下ネタに助けられるとは」
sports-watch	1		ダルビッシュ、今季だけで3つの魔球体得へ
sports-watch	1		興南出身の具志堅氏「野球部入ったら、お前ダメだって」
sports-watch	1		驚愕のスーパープレー、その裏側に球場の秘密
sports-watch	1		新潟×川崎で2年連続のハプニング、レインガンが観客席へ
sports-watch	1		スエマエの五輪後、前田は「人間不信になった感じ」
sports-watch	1		監督不在の代表に怒り “日本サッカー協会ってどうなんだ”
sports-watch	1		長谷川監督、岡崎に“右サイドバックに転向しないか”
sports-watch	1		闘莉王、今野のモノマネに「ナメられたもんすね」
sports-watch	1		代表監督不在に、ラモス「やりたいですよ。それは間違いない」
sports-watch	1		ショック、“鬼軍曹”山本小鉄氏が急逝
sports-watch	1		北島康介、これまでとは正反対の練習方針に
sports-watch	1		村主千香が疾患を告白も、「元気いっぱいです」
sports-watch	1		寺島しのぶが衝撃の告白「私は女子プロを目指していた」
sports-watch	1		ザッケローニ新監督、イタリア記者の評価は？
sports-watch	1		アッコ、イチロー夫人・弓子さんに感激
sports-watch	1		山本小鉄さん急逝も、死去直前も“豪傑ぶり”変わらず
sports-watch	1		北斗キッパリ「風俗は浮気」に賛否
sports-watch	1		“KKコンビ”に再び亀裂、週刊文春報じる
sports-watch	1		北島康介、試合前のヘッドホン姿に、ある理由が——
sports-watch	1		ドラフトの目玉・斎藤佑樹の苦悩
sports-watch	1		泉浩と熱愛報道、末永遥「マスコミって恐ろしい」
sports-watch	1		東原亜希、夫の金メダル「見たことない」
sports-watch	1		興毅が成長アピール「10段階で言うたらまだ3か3,5」
sports-watch	1		ゴール後のパフォーマンスで話題の日本代表・槙野、新ネタ明かす
sports-watch	1		江川断言、阪神・平野のひたむきプレーに「優勝は阪神」
sports-watch	1		日本代表・香川の小学校時代“他の子と比べたらずば抜けていた”
sports-watch	1		桑田氏語る“イチロー君のヘッドスライディング見たことないでしょ？”
sports-watch	1		キム・ヨナにストーカー問題!? 練習拠点変更の理由とは？
sports-watch	1		ファンが選ぶキャッチャー・ベスト5とは？
sports-watch	1		大毅防衛成功も、内藤は「僕はWBCだしな」
sports-watch	1		魔裟斗“視聴者の人達も、大毅君変わったなって思ってる”
sports-watch	1		宮崎大輔に、妻は“朝まで遊んで。スポーツ選手ですよ”
sports-watch	1		石井慧、女子大生との電撃婚も新婚の実態は？
sports-watch	1		浅草ペアの解散報道、“草野の不満はこの日に始まった話ではない”
sports-watch	1		中日・落合監督「下手なヤツは練習しなきゃ」
sports-watch	1		ノムさん、楽天監督復帰は「まずないですな」
sports-watch	1		ドルトムント・香川、カズからのメッセージに興奮
sports-watch	1		吉田、シウバ戦振り返り「殴られたらプチンとキレた」
sports-watch	1		石川遼のガッツポーズ 「誰にも話していないんですけど」
sports-watch	1		フジのK-1中継時、アダルトグッズの名前が画面に!?
sports-watch	1		大手飲料メーカーが繰り広げる“遼君争奪戦”とは？
sports-watch	1		ドラフト最注目・斎藤佑樹、苦悩の日々とは？
sports-watch	1		大沢親分死去、星野氏「win-winの関係のトレードをして貰った」
sports-watch	1		楽天新監督候補・星野氏、現在の心境は？
sports-watch	1		ノムさん、楽天新監督に「なんで星野なの」
sports-watch	1		ザック・ジャパンは「ニュータイプというような世代」
sports-watch	1		ザック・ジャパン、対韓国戦に「一人一人が判断を間違えていない」
sports-watch	1		負傷退場の川島「やっぱり代表は特別な場所」
sports-watch	1		ノムさん、日本人選手のメジャー挑戦に「本当はお金ですよ」
sports-watch	1		遠藤、ザッケローニ監督は「イタリアにも勝てるって言ってました」
sports-watch	1		谷亮子氏の柔道引退に、テリー伊藤“彼女は逃げた”
sports-watch	1		ザック・ジャパン好発進の裏側で、本田の“ヒデ化”が火種に!?
sports-watch	1		ダルビッシュ残留表明も、ロッテファンに「申し訳ない」
sports-watch	1		星野氏、楽天監督は“大筋合意”「早ければ明日以降」
sports-watch	1		長谷川穂積、最愛の母が死去 “もし一つだけ願いが叶うなら・・・”
sports-watch	1		ノムさんがドラフトにボヤく “僕が楽天の監督に復帰すれば・・・”
sports-watch	1		長谷部と本田アナの電撃破局、スクープしたのは？
sports-watch	1		亀田姫月がブログ開始。史郎氏は「中身は男」 
sports-watch	1		元阪神・今岡「よかったです。ロッテきて」
sports-watch	1		阪神選手「“何週間後にナゴヤドームがある”って皆思ってます」
sports-watch	1		アントニオ猪木、幻の試合映像が公開
sports-watch	1		高田延彦の衝撃プロポーズ 「テレビを観てて好きになった」
sports-watch	1		ダルビッシュが不満げ「何で俺だけ悪いみたいなってんねん」
sports-watch	1		岩隈の大リーグ移籍に、ノムさん「困ったもんですね」
sports-watch	1		斎藤を悩ませたストーカー問題とは？
sports-watch	1		ロッテの歴史的死闘、試合中の選手の心境は？
sports-watch	1		巨人1位の澤村、涙の理由
sports-watch	1		“三束のわらじ”谷亮子に不名誉な記録が・・・
sports-watch	1		ノムさん、日本人メジャー流出に「屁理屈だよ。俺に言わせりゃ」
sports-watch	1		石川遼、フォームの悩みを桑田に相談!?
sports-watch	1		三浦皇成、ほしのあきとの交際認める
sports-watch	1		田中将大＆里田まい、揃って交際認める
sports-watch	1		ダル、紗栄子とのあまりの違いに愕然とした!?
sports-watch	1		巨人期待の右腕＝澤村、チームメイトが意外な一面を明かす
sports-watch	1		元浦和レッズFWが酒気帯び運転で解雇に
sports-watch	1		グランパス主力メンバー、ストイコビッチ監督を絶賛
sports-watch	1		ノムさん、星野楽天に“チクショー”
sports-watch	1		安藤美姫に災難再び、変顔写真に批判の声
sports-watch	1		三浦ファン、ほしのあきを“さげまん”呼ばわり
sports-watch	1		星野監督、すっ呆ける「まあ、そういう風に言われていますね」
sports-watch	1		川上は星野新監督にトラウマあり。週刊文春報じる
sports-watch	1		K-1王者シュルト “そのサイズは意外と小さい”
sports-watch	1		ノムさんの不満爆発「星野になった途端…」
sports-watch	1		田中＆里田の交際、アプローチは里田から
sports-watch	1		ホリエモン、大晦日格闘技参戦はキッパリ否定
sports-watch	1		ヤクルト身売り報道、球団広報は「一切の事実無根」
sports-watch	1		“鬼嫁”北斗晶、リングネームの由来とは？
sports-watch	1		長谷川穂積、激闘を振り返る「あれ一発で……」
sports-watch	1		紗栄子に急接近する「新たな男」の存在とは？
sports-watch	1		FA上原の選択肢、国内球団は「ないです」
sports-watch	1		プロ野球で一番最初に1億円プレーヤーになったのは？
sports-watch	1		MVP和田、斎藤佑樹との対戦には「どっちにしてもビジター」
sports-watch	1		大健闘・村上佳菜子、「ビックリしてフワフワ」
sports-watch	1		ノムさん、佑ちゃんには「ボヤく材料がない」
sports-watch	1		ダルビッシュに平野ファン激怒、その異性交遊事情とは
sports-watch	1		宮里藍、太極拳スイングを語る
sports-watch	1		巨人・坂本、今季を振り返る「なんなんでしょうかね」
sports-watch	1		プロレスの場外乱闘に巻き込まれた女性が起こした訴訟の行方は？
sports-watch	1		ROOKIES俳優も不信感、進歩なき大晦日格闘技イベント
sports-watch	1		投手三冠王、広島・前田「一球だけで掴みました」
sports-watch	1		海老蔵殴打事件、元祖夜遊びJリーガーも“絡まれることはある”
sports-watch	1		里田まい、マー君との結婚を機に独立か!?
sports-watch	1		斎藤、大石、福井。三者三様のドラフト会議
sports-watch	1		松井秀が言いたい放題「もし対戦したら、笑っちゃう」
sports-watch	1		野村氏が“今年一番気に入らないこと”とは？
sports-watch	1		岩隈 “7年105億報道”に「一切ないです」
sports-watch	1		斎藤佑、5年後にテレ東アナと結婚!?
sports-watch	1		香川に続く日本人選手のドイツ・ブンデスリーガ移籍が決定
sports-watch	1		元プロ野球選手の大晦日格闘技参戦に、松坂と上原がコメント
sports-watch	1		サップ、試合直前でまさかのドタキャン
sports-watch	1		魔裟斗、解説中にも怒り心頭「すげー頭にきてた」
sports-watch	1		カズぶっちゃけ「息子が不二子ちゃんの服脱がして……」
sports-watch	1		香川、ドイツで活躍する要因語る
sports-watch	1		“飛ばないボール”で野球人気が回復か？
sports-watch	1		應武監督、斎藤らに最後の教え。“プロはとんでもない世界”
sports-watch	1		巨人の助っ人補強に、ノムさん「外人担当スカウト、しっかり見ろよ」
sports-watch	1		日本代表引き分け、セルジオ氏“一番惨めだったのは…”
sports-watch	1		雄星との間に何があった!? デーブ大久保氏「これが暴行って言えますか」
sports-watch	1		カズ×ヒデが日テレで対談、代表戦言及も“ヒデに怒られた”
sports-watch	1		カズ×ヒデ対談、“サッカーのうまいやつが少なくなってる”
sports-watch	1		松井秀が語る「お荷物的な存在にはなりたくない」
sports-watch	1		武田氏キッパリ 「チャンスを100％決めてたんです、僕らの時って」
sports-watch	1		ノムさんボヤく「佑ちゃん、ちょっと騒ぎ過ぎ」
sports-watch	1		佑ちゃんフィーバーも、地元商店「テレビの取材はもう受けたくない」
sports-watch	1		“ハマの番長”語る、「横浜をいいチームにしたい、強くしたい」
sports-watch	1		サップが語るドタキャンのワケ、K-1代表は否定も
sports-watch	1		元代表選手が討論、日韓戦勝利のポイントとは？
sports-watch	1		ダルと古閑、その親密関係は離婚問題前から!?
sports-watch	1		最強ミランのサポート施設「ミランラボ」とは？
sports-watch	1		ノムさん、斎藤佑樹のニックネームを考案!?
sports-watch	1		カズ、日本代表に「どっかで呼ばれんじゃないかって」
sports-watch	1		福田氏、長谷部の成長喜ぶ 「あんなコメントをするような選手じゃなかった」
sports-watch	1		戦線離脱の香川がコメント
sports-watch	1		本田圭佑「個人的には不本意なプレーだった」
sports-watch	1		劇的ボレーも、なぜ李は完全フリーだったのか
sports-watch	1		引退を表明した坂田、亀田一家に“もういいかげんにしてくれ”
sports-watch	1		日本代表戦士に訊く、岡田監督とザッケローニ監督の違いとは？
sports-watch	1		大相撲八百長メールに「八百長なら解散せよ」
sports-watch	1		楽天・星野新監督、キャンプ初日に「イライラしてたよ」
sports-watch	1		楽天・星野監督「鉄拳はないだろ、今の時代に」
sports-watch	1		横峯さくらの合鍵を持つ芸人“勝手にパンツはいたり、ブラあてがってる”
sports-watch	1		八百長調査委員に、たけし「役に立たねーじゃねーか」
sports-watch	1		斎藤佑樹が“イチロー化しつつある”
sports-watch	1		佑ちゃんの弱点「真っ直ぐと変化球のフォームが違い過ぎる」
sports-watch	1		浅尾美和、新パートナーとはやくもちぐはぐ!?
sports-watch	1		香川、アジア杯は「優勝した大会ではなくてケガをして終わった大会」
sports-watch	1		ザッケローニ 「長友はたまたまインテルに入ったわけではありません」
sports-watch	1		原監督の仰天プラン“佑ちゃんには澤村をぶつけます”
sports-watch	1		高め合う三人、岡崎＆本田「長友の悪いところを言っていこう」
sports-watch	1		新パートナー選びが難航した浅尾の舞台裏とは？
sports-watch	1		大相撲八百長問題、4人に1人が「即刻解散をするべき」
sports-watch	1		猪木が振り返る「最悪の試合」とは？
sports-watch	1		中日・落合監督「記者連中、野球を理解しようとしないもん」
sports-watch	1		野球界が練習しなくなった原因を作ったのがノムさん!?
sports-watch	1		巨人が“澤村を指名した理由”に、斎藤父が怒りの反論
sports-watch	1		星野監督は“プレイボールっていった瞬間に人が変わる”
sports-watch	1		田中と岩隈、ノムさんが考える楽天開幕投手は？
sports-watch	1		里田まい、マー君との交際には“おばかキャラは一切なし”
sports-watch	1		長谷部が明かす。ザッケローニ監督が怒った
sports-watch	1		ダルビッシュが明かす最終目標とは？
sports-watch	1		仕事中、サッチーから“もうやめて帰ってこい”と言われるノムさん
sports-watch	1		ノムさん、松井の練習法に苦言「あんまり好きじゃない」
sports-watch	1		プロアマ問題に怒り心頭のノムさん、都知事選には「俺でもいけそう」
sports-watch	1		武豊が引退ほのめかす？ 関係者も「明らかに気力が失われた」
sports-watch	1		世界で一番かわいい力持ち
sports-watch	1		斎藤佑樹はプロで通用するのか？
sports-watch	1		日本代表・細貝、人気モデルと結婚を発表
sports-watch	1		巨大地震、サッカー、プロ野球、格闘技など試合が中止（延期）に
sports-watch	1		亀田興毅が被災地に物資「子供達がちょっとでも元気になってくれたら」
sports-watch	1		″すぽると！″番組中、平井アナに大きな違和感
sports-watch	1		話題の美人姉妹が直接対決
sports-watch	1		野村氏、プロ野球開幕問題に“セとパはいつもいがみ合う”
sports-watch	1		広澤氏、プロ野球開幕問題に「野球ファンじゃない人もいる」
sports-watch	1		気丈に振舞うゴルフ界のAYU
sports-watch	1		野村氏「コミッショナーはもっと権限を」
sports-watch	1		キム・ヨナ、泥沼の訴訟合戦で人気にかげり
sports-watch	1		3月29日開幕にこだわった巨人、2つの誤算とは？
sports-watch	1		石井慧が電撃離婚か？「女性自身」が報じる
sports-watch	1		原発事故で危機に立たされた女子アスリート
sports-watch	1		西岡のホロ苦MLBデビュー、ノムさんは“弁解無用”
sports-watch	1		自粛ムードの中、カズダンスを披露したわけ
sports-watch	1		潮田玲子が“別人のようだ”!?
sports-watch	1		星野監督、開幕投手を決めた経緯を告白「今バラしますけど……」
sports-watch	1		長谷部、チャリティーマッチは「自分達が行動を起こすことに意味がある」
sports-watch	1		艶かしすぎるツイッターアカウント
sports-watch	1		ベラルーシは世界一の美女揃い
sports-watch	1		節電中も夜桜をライトアップ!? 格闘家・秋山が仰天プロジェクト
sports-watch	1		デートしたい男子アスリート・トップ10とは
sports-watch	1		楽天・田中、「僕達の被害なんて微々たるもの」
sports-watch	1		ナベツネの強行にストップをかけた阪神・新井の影に古田敦也
sports-watch	1		プロ野球の開幕戦視聴率、去年を下回る結果に
sports-watch	1		横浜ベイ1328日ぶりの貯金に“解説陣全員謝罪しろ”
sports-watch	1		モデル業を捨てた卓球美少女
sports-watch	1		野村氏、横浜ベイの好調に「これが野球なんですよ」
sports-watch	1		シャルケ・内田、「勘違いしちゃいけない」
sports-watch	1		澤村の交際は“異例中の異例”、森アナは番組降板へ
sports-watch	1		“電池で動いてる” バルサが狙う7歳の天才サッカー少年とは？
sports-watch	1		武田が前園に「逆恨みというか、本当に大嫌いでした」
sports-watch	1		巨人・脇谷の暴言でツイッターが炎上 “お前を一生許さん”
sports-watch	1		波紋呼ぶ脇谷のコメント。ダルビッシュは「間違ってはないと思います」
sports-watch	1		“美人アスリート”八木かなえが大学へ「“本当にすごいな、大学にきた”っていう感じ」
sports-watch	1		野村氏、楽天選手に苦言「許せないプレー」
sports-watch	1		親友でもありライバルでもある2人の美人スイマー
sports-watch	1		中畑氏「今回ほど頭にきたことはありません」
sports-watch	1		斎藤佑との関係を暴露した元恋人に冷やかな声
sports-watch	1		ヨナのミスジャンプに加点、集まる疑問視する声
sports-watch	1		美貌だけで金メダルと言われるフィギュアスケーター
sports-watch	1		ノムさん「巨人の悪口を言わないでくれと釘を刺されている」
sports-watch	1		内田、背水のセカンドレグへ「こんなところで投げたくない」
sports-watch	1		真央への暴言で炎上したラサール石井、麻生総理批判の教訓なく
sports-watch	1		武田修宏が大物女優に下ネタ連発!?
sports-watch	1		安藤美姫のコーチ・モロゾフ氏が語る「それは日本だけ」
sports-watch	1		大相撲再開も、取組に変化が・・・
sports-watch	1		斎藤佑のスキャンダルに“ヤバイ写真だけは食い止めた”
sports-watch	1		安藤美姫が近親者にモロゾフコーチを紹介“私、この人と結婚する”
sports-watch	1		美女リレーチームが世界へ挑む
sports-watch	1		星野監督「お前たちは言い訳するな」
sports-watch	1		今年のドラフト注目の三名 “完成度としては自分達が上”
sports-watch	1		広島-巨人戦の幕切れに 「どう見たってプロの試合じゃない」
sports-watch	1		18歳・八木かなえに、松岡修造「ウエイトリフティングをする人には思えない」
sports-watch	1		マツコが暴露した“女子アナウンサーと球団”とは？
sports-watch	1		店員女性がハーフナー・マイクにツイッターで悪口雑言、炎上騒ぎに
sports-watch	1		女性店員の契約選手侮辱ツイートでアディダスが謝罪
sports-watch	1		シンクロ美人姉妹の驚くべき特技とは？
sports-watch	1		落合監督が、ゲームを壊した投手を代えなかったワケ
sports-watch	1		低迷する阪神・金本にツイッター上では応援ボイコット運動!?
sports-watch	1		プロレスのオールスター戦開催も、猪木は呼ばれず激怒
sports-watch	1		ツイッターで選手を侮辱したアディダス女性社員退職か。ネット上では「自業自得」の声
sports-watch	1		“真央に暴言” ラサール石井が改めて謝罪するも「ほとぼりを冷ます」に疑問の声
sports-watch	1		川島、複雑なチーム事情に「正直意味が分からない」
sports-watch	1		取材お断りの天才美少女スイマー
sports-watch	1		長谷部の“破局Ｔシャツ”にズバリ 「何か意味あんの？」
sports-watch	1		“来シーズンの出来次第” 香川真司が描く夢の移籍先とは？
sports-watch	1		日本代表、無得点ドローも「うまくいかなかった前半にポイントがある」
sports-watch	1		セルジオ越後氏、日本代表戦にチクリ 「川島さまさまのゲーム」
sports-watch	1		日本代表、格下相手に引き分けも「収穫はあった」とキッパリ
sports-watch	1		宇佐美、バイエルンミュンヘン移籍が決定的!? 「レギュラーとれなきゃ地獄」の声も
sports-watch	1		みの、日本代表には「これからですからね」と期待。高畑アナは冷静に一言
sports-watch	1		シャワポワを追いつめた17歳美女とは？
sports-watch	1		ザッケローニ監督、チェコ戦に向け宣言 「4-3-3も試してみるつもり」
sports-watch	1		松坂に突然の“日本球界復帰”を提言!?
sports-watch	1		長友の人生を変えた転機とは？
sports-watch	1		坂本の夜遊びに原監督が激怒、美人記者と夜の街へ
sports-watch	1		不振続く松井秀に「マイナーでのプレーを余儀なくされる」
sports-watch	1		格下相手に2試合連続スコアレスドローも、新システムは「やめる必要は全くない」
sports-watch	1		セルジオ氏がバッサリ「全く収穫がない」
sports-watch	1		美女レスラーが前代未聞の“敗者おっぱい丸出しマッチ”を逆提案
sports-watch	1		“敗者おっぱい丸出しマッチ” その顛末は？？
sports-watch	1		中田翔が告白「“そんくらい別にええやんけ”って思ってた」
sports-watch	1		女子サッカー界の最高傑作
sports-watch	1		パの圧勝となった交流戦 “パとセの投手レベルは、一軍と二軍ぐらいの差がある”
sports-watch	1		日本代表・吉田麻也 「なんで生でそんなこと言うんですか？」
sports-watch	1		ドイツ女子U20代表がセクシーすぎるヌード披露
sports-watch	1		大人気ラウンドガールがCM出演、セクシーボディを披露!!
sports-watch	1		俊足すぎるFW＝U-22日本代表・永井の“スピード伝説”とは？
sports-watch	1		大活躍の日ハム・中田翔に、野村克也氏「納得できないんだ」
sports-watch	1		女子卓球選手が入籍を発表、妊娠も……
sports-watch	1		不調のイチローに“電撃引退は十分にあると思う”
sports-watch	1		横峯さくら、父の恋愛禁止令で婚活は難航!?
sports-watch	1		美しすぎる２０歳の女王が初制覇に挑む
sports-watch	1		噂の美女ゴルファー＝森美穂 “藤本美貴さん、松嶋菜々子さんに申し訳ない”
sports-watch	1		松井大輔＆ローサの結婚。芸能レポーターも「全く知りませんでした」
sports-watch	1		MVP内川の嫌味なジョーク「独身だったらよかった」
sports-watch	1		亀田興に、絢香似の彼女がラブレター “ホンマ自慢の彼氏です”
sports-watch	1		内田篤人キッパリ！ 「よくないすか？ べつに。サッカー選手ですもん」
sports-watch	1		巨人・坂本のエラーに苦言「言い訳できないでしょ、あれ」
sports-watch	1		安藤美姫、アイスショー出演も「すごい疲れちゃって」
sports-watch	1		石井慧、スピード離婚に「ホッとしました」
sports-watch	1		長友がインテル移籍の舞台裏語る 「何言ってるんだろう、この人」
sports-watch	1		星野監督が鉄拳八つ当たり。抗議文が出る騒動に!?
sports-watch	1		長友、グレてた中学時代を明かす “部活さぼって……”
sports-watch	1		日本と激突!?　驚愕テクニックを持つ“女ジダン”
sports-watch	1		関係者が語る本田圭佑の移籍話
sports-watch	1		ミニスカ姿に苦情？ 山岸舞彩アナに「肩さんもいよいよメジャー」
sports-watch	1		イチローの米球宴落選に、“過去の活躍とか関係ない”
sports-watch	1		妻・SHIHOが凄艶ヌード披露も、夫・秋山は「聞いてない」
sports-watch	1		資質問われる星野監督 「故障をした選手を批判しても仕方がない」
sports-watch	1		安藤の胸中は“浅田真央に敵意ムキ出し”!? その時、モロゾフ・コーチは？
sports-watch	1		長友の仰天エピソード、堀北真希にフラれていた!?
sports-watch	1		ギャルファー・金田久美子を励ました“元エース”の言葉
sports-watch	1		松井大輔、妻・ローサに気遣いながらの新居選び!?
sports-watch	1		長谷部、W杯敗戦直後のロッカールームを語る
sports-watch	1		長谷部にスバリ直撃!! 「ぶっちゃけ今、彼女はいますか？」
sports-watch	1		F・マリノス所属選手がツイッターで意味深発言!?
sports-watch	1		オリックス・岡田監督が好き勝手し放題!? 「気に入らん選手はことごとく二軍行き」
sports-watch	1		スウェーデンも戦々恐々、澤穂希の鉄人すぎる逸話
sports-watch	1		なでしこジャパン勝利、決勝＝アメリカ戦の攻略ポイントは…
sports-watch	1		「川澄かわいい」彗星のごとく現れたニューヒロイン
sports-watch	1		元東電サッカー部所属の鮫島、その苦悩を母が告白
sports-watch	1		逆境の連続、なでしこジャパンの優勝に川澄・父「信じてあげるのが親」
sports-watch	1		なでしこ・佐々木監督「勝てると思わねーで監督やるわけねーだろ」
sports-watch	1		低迷する巨人の次期監督候補に江川氏!?
sports-watch	1		なでしこ熊谷が代表批判？合コン相手がツイッターで暴露
sports-watch	1		なでしこ合コン相手 “ピッチ外ではディフェンス甘いぞ”
sports-watch	1		なでしこ合コン炎上、熊谷の道民栄誉賞にネットの反応は？
sports-watch	1		合コン炎上、なでしこ熊谷が謝罪も、監督＆チーム批判は否定
sports-watch	1		なでしこ関連ツイートでまたもや騒動勃発
sports-watch	1		ダルビッシュ、ベンチ裏説教報道を否定
sports-watch	1		美少女テクニシャンに天才ドリブラー、次世代なでしこは逸材揃い!!
sports-watch	1		なでしこ達を支えた言葉とは？ 澤は美人解説者に「なんなのこの解説者」
sports-watch	1		なでしこ以上に露出した美人解説者、臨時収入は「怖い金額」
sports-watch	1		なでしこ岩清水、佐々木監督の暴露に「ふざけんなよ。マジムカつく」
sports-watch	1		「こんなんじゃ戦えません」澤が乗り越えた最大のピンチとは？
sports-watch	1		まだまだいるぞ！ かわいい次世代なでしこ
sports-watch	1		ロンドン五輪まで一年、潮田“オリンピックの悔しさは、オリンピックでしか晴らせない”
sports-watch	1		武田が監督志願、紳助は番組内でJ2オーナーに異例の呼びかけ
sports-watch	1		松田直樹の容態、トレーナーがブログで報告
sports-watch	1		ダルビッシュが斎藤佑を遠ざける理由？
sports-watch	1		ロンドンに期待！ 世界もびっくりのモデル系スイマー
sports-watch	1		中村憲剛が“澤は怪物”発言を真っ向から否定
sports-watch	1		フジテレビ・スポーツ番組の「韓日戦」表記の理由とは
sports-watch	1		徳光アナ “プロレスは大っ嫌いだった”
sports-watch	1		古閑不調の背景、ダルとの熱愛報道で“かなりの深手を負った”
sports-watch	1		松田さんの通夜で放送事故、笑顔でおどけるフジ・アナに怒りの声
sports-watch	1		香川の先取点、本人は“浮かせた”!?
sports-watch	1		奇跡の同点ゴール、澤が感じた不思議な感覚とは？
sports-watch	1		ガチでかわいい東海の爆走娘
sports-watch	1		西岡のエラーにチームメイトがブチキレ状態で大暴れ
sports-watch	1		松坂大輔「もう勝ったと思って寝るわ」→大逆転負け
sports-watch	1		李がなでしこ・丸山をダメ出し 「まだできる余地がある」
sports-watch	1		なでしこ・丸山の母が語る、子育ての秘訣
sports-watch	1		やっぱり“持ってる”佑ちゃん、「最低の走塁」に助けられた!?
sports-watch	1		かつての輝きを取り戻した“高橋尚子２世”
sports-watch	1		自らの悪事を堂々とブログに掲載する高校球児達
sports-watch	1		ビーチバレーで写メ解禁も「喜ぶファンなんていない」
sports-watch	1		世界陸上期待の逸材＝Ｑちゃん似の中里麗美とは？
sports-watch	1		“五輪の時もずっと彼はいた”高橋尚子の仰天デートとは？
sports-watch	1		北京五輪断念〜どん底から復活を遂げた22歳・絹川愛
sports-watch	1		W杯3次予選＝日本×北朝鮮戦に向け、代表選手が言い争い!?
sports-watch	1		お茶の間騒然、超絶美貌の“バービー人形”アスリート
sports-watch	1		星野楽天、今オフに再び大型補強の噂
sports-watch	1		澤、今後を語る「指導者は絶対ないですね」
sports-watch	1		プロ野球でドーピングが発覚？ ダルビッシュは「セ・リーグって話」
sports-watch	1		井端のドーピング違反問題、フジの報道に疑問の声
sports-watch	1		体操・田中理恵、兄が学生時代のエピソードを暴露
sports-watch	1		大先輩・大八木、大畑に「もっかい現役やらなアカンわ」
sports-watch	1		なでしこジャパンにアウェーの洗礼 “練習場にはゴルフボールが——”
sports-watch	1		安藤美姫の熱愛報道もモロゾフ・コーチとの関係は？
sports-watch	1		予選で爆発、「やっぱりかわいい」川澄奈穂美
sports-watch	1		日本代表が敵地で引き分けも、セルジオ氏「質は高まっていない」
sports-watch	1		元日本代表・北澤氏「負けなくて良かった」
sports-watch	1		小倉智昭氏、番組コメンテーターに“イラっ”
sports-watch	1		なでしこジャパンの体質 「苦しい時ほど無理くり笑う」
sports-watch	1		内田篤人、好きな女性芸能人を前に「真っ白なんですけど」
sports-watch	1		期待高まる、澤穂希の“美少女後継者”
sports-watch	1		西武・涌井と杉崎美香のスピード破局、その原因は？
sports-watch	1		「文句言うな」 なでしこ批判でブログ炎上
sports-watch	1		茨城GG・片岡安祐美、監督一年目は「毎日泣きたい」
sports-watch	1		全治6カ月、代表入りが危ぶまれる丸山にかけた澤の言葉とは？
sports-watch	1		次世代美女なでしこ田中、代表入りに「気持ち的には絶対メンバーに入る」
sports-watch	1		ノムさんが暴露 「言っちゃいけないことなんだけど」
sports-watch	1		試合から半月、対戦した吉田とテセが激闘の裏側を語る
sports-watch	1		なでしこ３選手が苦言“ 佐々木監督に言いたい事”とは？
sports-watch	1		元巨人・桑田氏が、試合中ボールに向かって呟いていた事とは？
sports-watch	1		紳助さんの品行にダルビッシュが激怒した事件とは？
sports-watch	1		超美形の女子大生ボクサーがロンドンを目指す
sports-watch	1		ノムさん、落合監督退任発表に「何でこんな時期に・・・」
sports-watch	1		横浜ベイに激怒、団野村氏「ウソを言って選手を悪者にするのか？」
sports-watch	1		知る人ぞ知る美人アスリート、小麦肌の漕艇選手
sports-watch	1		ビーチバレー・浅尾、引退後の皮算用とは？
sports-watch	1		韓国・全北サポーターが卑劣な横断幕、セレッソは悔やまれる敗戦
sports-watch	1		ソフトバンク・内川「“お前、早くから泣き過ぎだろ”という指摘がきまして・・・」
sports-watch	1		あまりにも美しい日本代表キャプテン、照準は世界
sports-watch	1		なでしこリーグに警鐘「リーグの意味がない」
sports-watch	1		ダルとサエコの復縁の噂——「結婚願望の強い古閑には相当こたえた」
sports-watch	1		スポンサー獲得やCM出演。澤穂希人気高騰も“ある懸念点”
sports-watch	1		上原、悪夢のプレーオフ初登板に、ノムさん「自分を見失っているね、完全に」
sports-watch	1		森本、苦悩のカターニア時代 「のけものというか、全く相手にされない状態だった」
sports-watch	1		世界体操開幕、東京に舞い降りた「床の女王」
sports-watch	1		日本×ベトナム戦に、イライラ募る福田氏「何だよ、コレ」
sports-watch	1		今野が明かすアジアカップ初戦の夜 「団結させたのは間違いなく長谷部」
sports-watch	1		楽天退団の山崎、ノムさんは「最後の最後まで僕に似てる」
sports-watch	1		“完勝”日本代表にも、北澤氏は「これ普通なんです」
sports-watch	1		日本代表の要求にタジキスタンが了承も「やりすぎだろ」の声
sports-watch	1		フジテレビが“世界の王”を侮辱した!? いまだに残る両者の緊張状態とは？
sports-watch	1		陸上界に新たな美女アスリート、国内敵なしの木村文子に注目
sports-watch	1		J歴代6位の年俸から、“見事な右肩下がり”で落ちていった武田修宏
sports-watch	1		日本を席巻するロシアの天才美少女
sports-watch	1		釜本氏がゴン中山に苦言 「あなたがいるばっかりに・・・」
sports-watch	1		菅野の苦悩 “あの子は原監督の甥だから・・・”
sports-watch	1		栗山氏、日本ハム監督就任報道に「本当に正式な話が僕の方にはきていない」
sports-watch	1		K-1ファイトマネー未払い問題に突然の告白「被害は日本人でナンバー2」
sports-watch	1		中日・吉見の″インチキ!?″投手三冠に批判が相次ぐ
sports-watch	1		ピンチに強い内海を支えた「生命線のボール」とは？
sports-watch	1		巨人が今季主催試合の入場者数を発表、前年比−24万強減少
sports-watch	1		森麻季アナの結婚発表、上田主導でサラリ
sports-watch	1		吉田沙保里が澤に相談 「好きな人ができてさぁ」
sports-watch	1		新球団名“モバゲーベイスターズ”決定の報道に「ベイファンかわいそすぎる」
sports-watch	1		ノムさんが監督時代を暴露、「社長に無理をお願いして獲って貰った」
sports-watch	1		NHKのサッカー中継で放送事故!?ネットユーザー「これはアウト」
sports-watch	1		スター性抜群、次代を担う“超美少女スケーター”今井遥に注目
sports-watch	1		星野監督が番記者を恫喝!? 山崎退団の舞台裏とは？
sports-watch	1		横浜ベイ新球団名に疑問の声 「企業名なら売名行為にならないの？」
sports-watch	1		ドラフト会議の日本ハムに称賛の嵐「これぞドラフトの醍醐味」
sports-watch	1		ペレがカズと再会「君は僕の子供みたいなもの」
sports-watch	1		SB・内川、ダルに言及 “基準が分からない。何がそんなに違うのか”
sports-watch	1		三浦皇成＆ほしのあき夫婦で出演。三浦はオノロケ「ボクの事が1番好き」
sports-watch	1		石川遼、“異例の交際発表”めぐる水面下の攻防とは？
sports-watch	1		CSに向けリハビリ中の松中に中年ファンの心ない暴言
sports-watch	1		なでしこ・INAC神戸の大一番で最多観客動員更新なるか
sports-watch	1		日本ハムの菅野強行指名が一転して批判の嵐「これ問題になるんじゃねえか」
sports-watch	1		売上は月1900万円!? 元女子レスラーが経営したキャバクラの全貌とは？
sports-watch	1		DeNA春田真会長、プロ野球参入の理由は「12個しかないアセットを会社で持つ重みがある」
sports-watch	1		香川真司、メッシを語る「分かっていても止められない」
sports-watch	1		若槻千夏に激似!? 女子バレーのニューヒロイン新鍋理沙
sports-watch	1		あどけない笑顔の23歳・迫田、強烈バックアタックは全日本の新たな武器に
sports-watch	1		ハーフナー・マイク、連日の取材に「恥ずかしくて嫌です」
sports-watch	1		テリー伊藤、菅野強行指名に怒り心頭
sports-watch	1		まさに才色兼備、187cmの“美白の壁”がロンドンを引き寄せる
sports-watch	1		古閑美保、引退にキッパリ 「もったいないとか全然思わない」
sports-watch	1		オリックス・バファローズ、戦力外通告選手に無情な対応
sports-watch	1		巨人軍のお家騒動に、専門家「コンプライアンスはあまり関係ない」
sports-watch	1		巨人軍内紛、テリー伊藤は清武代表に苦言
sports-watch	1		なでしこリーグ王者に入団する「かわいすぎるトリオ」
sports-watch	1		桑田真澄氏、DeNAべスターズ監督＆巨人お家騒動に言及
sports-watch	1		日本代表敗戦、セルジオ越後氏は「ベストメンバーでなければこの程度」
sports-watch	1		日本代表まさかの敗戦に、中西氏は「もの凄い虚無感」
sports-watch	1		北朝鮮観客席の様子を伝えたアナウンサー「統率がとれていました」
sports-watch	1		高い身体能力と美貌で魅了するエース・木村沙織の原動力とは？
sports-watch	1		敵サポーター襲来、鳥取市内が異常事態に？
sports-watch	1		コート上とは別人? “天然過ぎる”女子バレー若手コンビ＝江畑＆岩坂
sports-watch	1		チョン・テセ、北朝鮮のプレーに「罪悪感が芽生えている時点でプロじゃない」
sports-watch	1		楽天・岩隈の禁断不倫愛——、お相手は“妻の義理の妹”!?
sports-watch	1		陸上界のニューヒロイン＝22歳・西原加純。千葉駅伝では3人抜きの快走
sports-watch	1		松岡修造、錦織圭のインタビュー中に2度謝罪
sports-watch	1		ソフトバンクのファン感謝祭に″あり得ない″の声
sports-watch	1		浅田を脅かすロシアの天才少女＝トゥクタミシェワ＆ソトニコワとは？
sports-watch	1		浅田真央の姉・舞が明かす、真央の試合前
sports-watch	1		落合監督が告白、試合中に無表情貫くも、その裏では・・・？
sports-watch	1		落合監督断言 「他の監督はやりやすくなった。逃げ道なくなったもん」
sports-watch	1		本田モデルのスパイク登場も、「オモチャみたいだな」の声
sports-watch	1		和田アキ子、スザンヌから斉藤和巳を紹介されるも・・・
sports-watch	1		「僕らの年代では一番うまい」 中田英が絶賛する日本人選手の現在とは・・・
sports-watch	1		落合元監督、“内川へのクレーム”に言及 「もし専門家に言わせたら・・・」
sports-watch	1		来季に注目、女子ゴルフ界は美女だらけ？
sports-watch	1		“アニキ”金本、新井に厳しいもの言い。ダルにも言及
sports-watch	1		ノムさん、ダルビッシュのメジャー挑戦には「はんたーい」
sports-watch	1		亀田兄弟W王座戦開催も、misonoや橋下新市長の国歌斉唱に酷評続々
sports-watch	1		他球団のエースが絶賛する、“プロが選んだ”ナンバー1投手とは？
sports-watch	1		ダルビッシュがメジャー挑戦発表、ファンの「嘘ついたことに変わりない」の声に弁明も
sports-watch	1		Ｊトライアウトに元日本代表選手も。過酷な生存競争如実に
sports-watch	1		止まぬ紗栄子批判も “養育費月1000万円要求”の信憑性は？
sports-watch	1		「まるで中学生」反省文で済ませる浦和フロントに批判殺到
sports-watch	1		ペトロヴィッチを解任した浦和レッズ、新監督はペトロヴィッチ氏
sports-watch	1		元日本代表監督の岡田武史氏、杭州緑城の監督に決定
sports-watch	1		楽天・田中が人身事故、公式ブログには謝罪文を掲載
sports-watch	1		ソフトバンク・松田と巨人・長野が不思議な対談!?
sports-watch	1		“日本の心臓”遠藤保仁の凄すぎるプレー、日本を救った1本のパスとは？
sports-watch	1		メッシあわやぶち切れ!? テレビの失礼な質問に
sports-watch	1		落合氏、大いに語る「来年ユニフォーム着るってなったら、ここまでは喋らない」
sports-watch	1		メッシの父が語る、“異例の”バルセロナ入団
sports-watch	1		インテル長友、チーム内で”いじられ役”　ファン「いじめではないのか？」
sports-watch	1		ネイマール、バルサ移籍を直訴？
sports-watch	1		スペインからも苦情が出た日本のテレビ中継
sports-watch	1		識者が語る「バルセロナを倒す方法」
sports-watch	1		「あれで全てが狂った」「誰も信用してない」 中日元監督・落合氏が仰天発言連発!?
sports-watch	1		長谷部誠、印税を全額被災地に寄付
sports-watch	1		「ちょっと意外」?? 香川真司の運動量がドイツ１に
sports-watch	1		甲乙つけがたい！ ほのかな色気を湛える銀盤のスター候補生たち
sports-watch	1		ブラジルＷ杯時、最強の日本代表メンバーとは？
sports-watch	1		日本代表新ユニフォーム発表にサポーター騒然
sports-watch	1		金本の永久欠番内定に野球ファン「安い永久欠番ですね」
sports-watch	1		思わずうっとり、癒し系美白美人長距離ランナー
sports-watch	1		古閑美保と工藤公康の対談で衝撃発言飛び出した!?
sports-watch	1		悪質ファンが卑劣なツイート。JRA騎手は怒り心頭
sports-watch	1		天皇杯で敗れたチームのファン（？）、チケットを燃やす
sports-watch	1		ノムさんがボヤキおさめ。今年のプロ野球界を漢字一文字で表すと？
sports-watch	1		国歌斉唱に酷評再び!? アーティストのブログも炎上する事態に
sports-watch	1		世界有数の美女ゴルファー“ピンク・パンサー”が日本のテレビ番組でスーパーショット連発
sports-watch	1		底抜けに可愛い国内無敵のチャンピオン
sports-watch	1		「妖精・浅尾」に引けを取らない美貌の新パートナーとは？
sports-watch	1		楽天・田中、広島・前田が番組司会者にチクリ
sports-watch	1		ゴン中山＆長谷部、2012年に掲げた意外な目標とは？
sports-watch	1		「ニッポンの夜明け」澤のバロンドール受賞に賞賛の声
sports-watch	1		楽天・田中、ダルビッシュの挑戦＆自身のメジャー志向を語る
sports-watch	1		斎藤佑樹＆小林麻耶に衝撃スクープも本人は否定
sports-watch	1		人的補償求めない西武に失望の声が殺到
sports-watch	1		ノムさん、選手の米メジャー挑戦に「おかしいんじゃない？」
sports-watch	1		潮田玲子、“イケシオ”結成後の苦難を振り返る
sports-watch	1		「信じられない！」 槙野の浦和移籍に非難轟々
sports-watch	1		来月45歳のカズ 「サッカー選手は30歳までが常識かなと思ってた」
sports-watch	1		マリナーズ岩隈 「ピッチングスタイルは特に変える必要はない」
sports-watch	1		米メディア「マンUは本田圭佑を獲得すべき」
sports-watch	1		巨人の18番を付けた杉内に、桑田氏が注目の発言
sports-watch	1		三浦友和氏「なでしこの10倍、20倍」発言に批判の声
sports-watch	1		オリックス公式アカウント「ヘディング脳」発言が波紋
sports-watch	1		マンU現役選手が本田を名指しでツイート
sports-watch	1		中田英寿も認めた天才MFが現役引退
sports-watch	1		ダルと離婚成立の紗栄子がコメント 「根も葉もない話が出ていた時にも、沈黙を貫いてきました」
sports-watch	1		前代未聞の不祥事、スイスのチームがリーグから追放
sports-watch	1		「結果を残して1％でも近付けたら」 香川真司が夢を語る
sports-watch	1		W杯直前でスタメン落ちした俊輔に、松田さんが送ったメールとは？
sports-watch	1		香川、移籍のうわさを完全に否定
sports-watch	1		現地メディア、錦織圭の快挙を賞賛  
sports-watch	1		美女カーリング選手・市川美余、縁起のよい初夢とは？
sports-watch	1		錦織圭快挙も、松岡修造氏は「正直言います……」
sports-watch	1		ダルビッシュの日ハム時代コーチ・吉井の本音 “こっちがすごく緊張して…”
sports-watch	1		宇佐美嫁の日記が「ラピュタ」すぎると話題に  
sports-watch	1		識者語る「スペインで日本人選手が成功できない理由」  
sports-watch	1		「長谷部放出」は誤訳？　ライターが指摘
sports-watch	1		本田ラツィオ入り報道にファン「会見まで信じない」  
sports-watch	1		錦織、マレー戦は圧倒的不利の予想 
sports-watch	1		錦織の敗戦に「立派」「力の差あった」など様々な反応  
sports-watch	1		日本代表新アウエーユニに「こっちをホームにしろよ」の声 
sports-watch	1		清武弘嗣語る、奥さんとの出会いや怖かった父のこと
sports-watch	1		岩隈、マリナーズ入団に「“一番に必要としてくれた”というのを感じれた」
sports-watch	1		日本、フランスとの対戦に「仮想スペインかよ」の声  
sports-watch	1		ノムさん、結婚報告なきマー君に落胆 「普通来るでしょ。社会常識として」
sports-watch	1		ラツィオ移籍へ「もう本田が金出せばいいじゃん」の声  
sports-watch	1		怒り心頭のノムさん。テレビ出演するたびに“結婚報告なき”愛弟子にボヤく
sports-watch	1		美人揃い!? スポーツ選手の2世タレントが熱い
sports-watch	1		「ダル、古閑美保を専属料理人に」報道へ驚きの声 
sports-watch	1		長友、チームメートのサラテから″無視″された？  
sports-watch	1		「石井慧の体調は良好」格闘家が引退説に怒り  
sports-watch	1		「本田に賠償金払えよ」　移籍消滅に怒りの声  
sports-watch	1		静岡市のプロ野球チーム構想に「若い奴らは関心無い」の声  
sports-watch	1		本田圭佑のイチロー似作文が話題　「必ず世界一になる」 　 
sports-watch	1		長友の同僚オビ、豪快な積雪ダイブに「楽しそう」  
sports-watch	1		エジプトのサッカー場暴動に「世界が日本を見習うべき」  
sports-watch	1		宇佐美移籍失敗に「2億の価値もないのか」の声  
sports-watch	1		中日新聞取締役の落合批判に「マジで異常」の声  
sports-watch	1		ボールが顔面を直撃した石井一久＆中村剛也、壮絶エピソード語る
sports-watch	1		長友の苦悩を明かした母に賛否両論の声  
sports-watch	1		元シブガキ隊薬丸の息子に「石川秀美そっくり」の声  
sports-watch	1		俊輔が今も書き続ける「サッカーノート」とは？
sports-watch	1		香川真司、快勝に貢献も「フィジカル弱すぎ」の声  
sports-watch	1		俊輔、フジ新人アナの視線に「俺、こんなの初めて」
sports-watch	1		Ｇ大阪、新スタジアム建設費はサポーターの募金で!? 批判の声集まる
sports-watch	1		清武弘嗣の負傷に「協会ふざけるな」
sports-watch	1		美人大国ベラルーシが生んだ新女王
sports-watch	1		インテル弱体化で、長友の価値も下がる?  
sports-watch	1		権田のインタビューに「さらし者かよ」の声  
sports-watch	1		「めんどくせぇ」共演者も呆れる松岡修造、錦織圭の話題には「カチンときちゃう」
sports-watch	1		山崎明かす、予告ホームランは「5回くらいやってます」
sports-watch	1		「MLBで日本人の評価が低下」記事に賛否両論  
sports-watch	1		ルーニーの「NFLよりペンキが乾くのを見てるほうがマシ」発言が波紋  
sports-watch	1		「もう敗退しやがれ」U-23代表の前倒し招集に  
sports-watch	1		ノムさん怒る「プロ野球がどんどん悪い方向へ進んでいく」
sports-watch	1		四大陸直前、浅田真央、トリプルアクセルは「ジャンプが上がってちゃんと回れるかも」
sports-watch	1		ザック・ジャパンの″秘密兵器″報道に賛否
sports-watch	1		「麻雀必勝法か」亀田興毅の対戦相手にドッチラケの声
sports-watch	1		2年目の斎藤佑樹、ブームに沸いた昨季に比べ「気持ち的にはすごい楽」
sports-watch	1		日ハム・大嶋匠、連日の活躍にも「少年野球以来なので、野球をするのは」
sports-watch	1		無関係の選手を殴る韓国チームに「この時期の風物詩だな」  
sports-watch	1		金本知憲が復活へ「何だかんだいったヤツを見返してやりたい」
sports-watch	1		「嘘だと言ってくれ」マイク・ベルナルド死去の報に悲しみの声
sports-watch	1		ベルナルド死去——、藤原紀香は悲痛なコメント
sports-watch	1		清水退団のユングベリに非難轟々  
sports-watch	1		「もう仮病使えよ」香川、長友ら招集に  
sports-watch	1		五輪目指す山崎静代、芸能との両立には「両方をやってこそ意味がある」
sports-watch	1		大胆ヌードを披露した美女ストライカーとは
sports-watch	1		清水エスパルス、ラフプレー連発の韓国チームとの試合打ち切り
sports-watch	1		亀田大毅が敗れた世界戦に衝撃秘話 「全てアニキが悪い」
sports-watch	1		巨人・村田のブログに不可解なコメントが続々
sports-watch	1		スザンヌ、斉藤との夜の夫婦生活に言及
sports-watch	1		「長友以外最悪」インテル大敗にファンも呆れ顔  
sports-watch	1		「試合中に携帯ゲーム」岡ちゃん率いる中国チームの呆れた実態  
sports-watch	1		「なぜ足で止めようと」自分の車に轢かれ今季絶望の選手  
sports-watch	1		ノムさん、佑ちゃんにズバリ 「人気先行だもんな」「いるの、彼女？」
sports-watch	1		韓国代表FWパク・チュヨンが「消えた」？ 
sports-watch	1		U-23日本代表快勝も、セルジオ越後氏「ロンドン五輪に行ったら恥をかくだけ」
sports-watch	1		秋山成勲「セクシー」発言に批判殺到  
sports-watch	1		「なでしこのように優勝できる」韓国女子監督の発言が話題 
sports-watch	1		「格が違う」かわいい子だらけのなでしこ候補たち
sports-watch	1		「誰かこいつを黙らせろ」槙野智章のオーバーエイジ発言に 
sports-watch	1		代表戦皮肉るセルジオ越後氏、「これこそザ・フレンドリーマッチ」
sports-watch	1		日本代表戦を速報する中西哲生さん、新幹線から粘りのツイート
sports-watch	1		“内容が入ってこない”代表戦、サポーターの拍手喝采はアイスランド選手に!?
sports-watch	1		“異常な時代”の終焉、レーザーレーサーの今とは
sports-watch	1		本田圭佑、復帰戦に「レアルの連中には名前も覚えて貰えない」
sports-watch	1		“市民ランナー”川内優輝の母明かす、「今思うとやり過ぎだった」壮絶練習とは
sports-watch	1		田中将大が“こいつには負けたくない投手”とは？
sports-watch	1		中国チームの大乱闘に「悪童」アネルカ呆然　  
sports-watch	1		アーセナルに「忘れられた？」　パク・チュヨンが記載漏れ 
sports-watch	1		ウズベク戦「宮市カメラ」に非難轟々 
sports-watch	1		東京マラソンで輝いた遅咲きの美人ランナー
sports-watch	1		日本代表敗戦、セルジオ越後氏は「海外組みは完全に時差ボケ」
sports-watch	1		日本代表が痛恨の敗戦、宮市不出場に「何のための召集か」
sports-watch	1		日本代表ホームで完敗、北澤豪氏は「かなり危険な状態」
sports-watch	1		「他人事すぎる」JFA会長に怒りの声 
sports-watch	1		「うどん県」ロゴ採用に「罰ゲームか」の声  　
sports-watch	1		「勘違いしすぎ」片岡安祐美の発言に批判の声 
sports-watch	1		「石原軍団っぽい」本田圭佑の広告に爆笑の嵐 
sports-watch	1		横浜・中畑監督を痛烈に批判、「精神面を問題にするようじゃ最下位」
sports-watch	1		なでしこ美人解説者＝大竹さんも絶賛した高瀬のゴール「本当に技術高い」
sports-watch	1		敗れたばかりのアメリカ代表エース＆監督、なでしこジャパンを称賛
sports-watch	1		宮市絶賛のザッケローニに批判集まる 
sports-watch	1		なでしこ美人解説者、支離滅裂な応答に弁明
sports-watch	1		「全く信頼されていない」韓国代表FWに批判の声 
sports-watch	1		なでしこ惜敗も、驚異の粘りに「男子にもあれは見習ってほしい」
sports-watch	1		ダルビッシュ有がオープン戦初登板、みのも上機嫌「すげー。教えた通りに投げているよ」
sports-watch	1		ダル実戦デビューに「あれが本物のダルビッシュだと思ったら大きな間違い」
sports-watch	1		なでしこ敗戦に解説者指摘 「3点は防げる失点だった」
sports-watch	1		上々の投球内容も、ダルビッシュが抱える課題とは？
sports-watch	1		「やる前から言い訳とは」韓国メディアの日程批判に呆れ声 
sports-watch	1		ロンドンを目指す女神たち〜“第二の潮田玲子”松友美佐紀（バドミントン）
sports-watch	1		試合中、ピンチの場面でダルビッシュが見せた“ある変化”とは？
sports-watch	1		日本代表のW杯最終予選、澤登氏も警戒「簡単に勝てる相手はいません」
sports-watch	1		「無責任すぎる」元浦和フィンケ辞任に批判 
sports-watch	1		小椋久美子、オグシオ・ペア解消について語る
sports-watch	1		「広島のせいにするな」浦和・槙野智章のインタビューがひんしゅく 
sports-watch	1		「何度目の急浮上だよ」松井ドジャース移籍の報道に冷めた声 
sports-watch	1		ダルビッシュが2失点、みのもんたは「メジャーじゃ通用しない」
sports-watch	1		澤穂希を襲った「良性発作性頭位めまい症」とは？
sports-watch	1		ロンドンを目指す女神たち〜“正真正銘の美女アスリート”田中理恵（体操）
sports-watch	1		日本がロンドン五輪出場。澤登正朗がオーバーエイジ枠に推したのは？
sports-watch	1		U-23日本代表・大津が生出演をドタキャン。西岡アナ「今どちらにいらっしゃいます？」
sports-watch	1		スコア予想が的中した松木安太郎、「僕のいった扇原選手、清武選手がなんと活躍」
sports-watch	1		あの中村俊輔すらも「和風メッシだ」と驚く新星、齋藤学
sports-watch	1		ダルビッシュの不調、原因はマウンドにあった？
sports-watch	1		楽しそうな川崎宗則「切羽詰まってないです」
sports-watch	1		「ついにエアオファーか」香川のマンU移籍報道に
sports-watch	1		JFA会長の「韓国と共闘」呼びかけに批判殺到
sports-watch	1		「11点取れってことか」斎藤佑樹の開幕投手指名に驚きの声
sports-watch	1		″完全に老害になった″ミスターに批判殺到 
sports-watch	1		元日本代表・久保の長女が「かわいい」と評判 
sports-watch	1		3A降格の西岡に対する辛辣ジョークが話題 
sports-watch	1		ノムさんが、松井秀喜の日本球界を願う理由
sports-watch	1		G大阪・呂比須氏の発言に「ダメだこりゃ」の声 
sports-watch	1		「ナベツネいいキャラしてる」清武氏の暴露が逆効果に！？ 
sports-watch	1		「直訳かよ」MLB日本開幕戦の動画が話題に 
sports-watch	1		長谷部やカズよりも上？ 「小学生が好きなスポーツ選手」に意外な選手が
sports-watch	1		サッカー米国女子代表が生出演も、訊くべき話は何一つ訊かず……
sports-watch	1		清武弘嗣、過去の五輪サッカーに“意外な発言”
sports-watch	1		TBS人気企画「ガチ相撲」、ヒョードルも参戦した第3回大会優勝者は意外な男に・・・
sports-watch	1		アクション女優も顔負けの美女空手家＝宇佐美里香
sports-watch	1		ダルビッシュ、紅白戦4失点も“問題なし”を強調。ファンから挑発的なツイートも!?
sports-watch	1		プロ野球開幕、ノムさん＆桑田の優勝予想は全く同じに——
sports-watch	1		ノムさん、佐々木則夫監督に「50、60はハナタレ小僧」
sports-watch	1		ヤクルト・宮本慎也、巨人・坂本との合同トレに「賛否両論あったみたいですけど……」
sports-watch	1		パ・リーグ6球団が「報道ステーション」番組内で開幕スタメンを同時発表！
sports-watch	1		美しすぎる氷上の女海賊＝アリーナ・レオノワ
sports-watch	1		新垣、波乱の連続だった野球人生とは？
sports-watch	1		「酷すぎる」選抜高校野球に誤審続出
sports-watch	1		「ザスパ草津」が新チーム名発表も“異議あり”の声
sports-watch	1		斎藤佑を認めないノムさん 「まだ持ってない」
sports-watch	1		新記録でロンドンに乗り込む“バタフライの女王”加藤ゆか
sports-watch	1		元メジャー最多勝投手、突然の帰国に「グリーンウェルよりひどいぞこれ」
sports-watch	1		「自分で言っちゃった」川澄が明かす、遅咲きのサッカー人生
sports-watch	1		ファンは複雑!? DeNAベイ、大胆ながらも軽率な企画を発表
sports-watch	1		“史上最低の外国人選手”が母国でツイッター更新、ファンの怒りは増幅
sports-watch	1		香川真司、自身の移籍報道を語る
sports-watch	1		「平成のマーメイド」は15歳、最年少の美少女スイマー
sports-watch	1		猫ひろしの五輪出場暗転、為末は「陸上選手の大半の反応は、え、それをアウトにしちゃうの？」
sports-watch	1		巨人の拙劣な采配に批判殺到、ノムさんも「根拠がサッパリわからない」
sports-watch	1		長澤まさみ似の美少女ダイバー・馬淵優佳が日本一に
sports-watch	1		原監督の采配皮肉る落合氏にファンも同調
sports-watch	1		乃木坂46に向けられた“大人気ない”ブーイング。サポーター＆企画した運営サイド双方に非難の声
sports-watch	1		江川氏、DeNA中畑監督に「僕は中畑さんが詰まっていくのがすごい怖い」
sports-watch	1		統一球問題、NPBコミッショナーに対するファンの批判も、ダルビッシュの意見で一変！？
sports-watch	1		「泣いてんのかこれ」、“熱すぎる”アナウンサーが劇的結末に大興奮
sports-watch	1		「これは可愛い」 佐々木希の後継、ブレイク必至の新EUROガール
sports-watch	1		丸山桂里奈、なでしこジャパンのゴールに笑顔なく「すごく複雑な気持ち」
sports-watch	1		“テコンドー界のエリカ様”平成生まれの美少女アスリート＝笠原江梨香に注目集まる
sports-watch	1		結束空しく一敗地に塗れた男子柔道、五輪代表は不本意な選出に？
sports-watch	1		多田野、山なりの超スローボールで話題も風当たりは今も厳しく・・・
sports-watch	1		挫折とスランプに苦しんだかつての天才少女ウィー「スポーツ選手は誰もがジェットコースター」
sports-watch	1		中村俊輔が明かす、W杯最終予選「一番アウェーらしいアウェー」とは？
sports-watch	1		なでしこに続くか。和田アキ子も注目する「さくらジャパン」が五輪切符を獲得
sports-watch	1		日本代表専属料理人、美人料理研究家・森崎にダメ出しされるも・・・
sports-watch	1		「自分でいうのもなんですけど・・・」体操・田中理恵、急成長の理由明かす
sports-watch	1		わざとアウトになる楽天に怒りの声が噴出
sports-watch	1		「チャンスはある」 ベッカムがロンドン五輪で代表復帰か
sports-watch	1		中澤佑二、中東勢との対戦振り返り「すごい恐怖心が出てくる」
sports-watch	1		「プライベートでも炎上」西武・涌井に女性スキャンダル発覚
sports-watch	1		亀田興毅が愛を叫ぶ。結婚式は「なんか夢見てたみたいな感じ」
sports-watch	1		岡崎慎司、本田圭佑との再会にも「あいつも8点獲って、僕は7点なんで」
sports-watch	1		渦中の香川真司にインタビュー、「ズバリ次のチーム、話を伺いたい」
sports-watch	1		斎藤佑樹、自己評価は厳しく——
sports-watch	1		澤穂希が不安を吐露、めまい症から復帰も「まだ20〜30％くらい」
sports-watch	1		宮市亮、ボルトンで活躍も「本当に毎日が憂鬱」
sports-watch	1		“東洋の美女”軍団が東京の空に舞う
sports-watch	1		大麻密輸容疑でNOSAWA論外と紫雷イオが逮捕。イオ姉は絶縁状態を告白
sports-watch	1		大麻所持で逮捕されたプロレスラー、レスラー仲間は擁護
sports-watch	1		南キャン・山里、しずちゃんの挑戦にあった過度な重圧や卑劣な取材行為を明かす
sports-watch	1		「自分から好きとは言う子じゃなかった」 浅田真央の幼少時代を知る番組ADとは？
sports-watch	1		女子バレー・眞鍋監督 「女性の集団は疲れます」
sports-watch	1		金本知憲、怒りおさまらず「僕が一番腹が立ったのは・・・」
sports-watch	1		ペナルティ・ワッキー、W杯で遠藤が決めたフリーキックの裏話明かす
sports-watch	1		ロンドンで騎乗する美人お嬢様ライダー＝武田麗子とは
sports-watch	1		日本代表、W杯最終予選初戦は50点!? 「あまりにもオマーンが弱かった」
sports-watch	1		「香川と本田はどちらがエース？」 サッカー解説者・松木氏の答えは？
sports-watch	1		ハーフナー・マイク、番組のはからいに「変な汗出るわ」
sports-watch	1		注目度急上昇、可憐で知的な美女拳士＝栗田佳織とは
sports-watch	1		欧州選手権開幕、ストイコビッチ監督の優勝国予想は？
sports-watch	1		健介の一番弟子＝中嶋勝彦が婚約発表。北斗は″あるエピソード″を明かす
sports-watch	1		日本×オーストラリア戦、レフェリーの不可解判定に言及
sports-watch	1		加藤浩次、不可解レフェリーに怒り心頭 「あんな笛見たことない」 
sports-watch	1		“陸上版 大島優子”!? 日本を代表する美女選手=前田愛純が日本一に
sports-watch	1		先輩・桑田、松井秀喜にズバリ「引退とかは考えなかった？」
sports-watch	1		女子陸上界の総選挙!?　大島優子似はどっちだ？
sports-watch	1		「これはひどすぎる」テニスの決勝戦で前代未聞の失格劇
sports-watch	1		元日本代表・本田泰人、テレビ番組で衝撃の告白
sports-watch	1		なでしこ美人解説者・大竹七未さんが突然しどろもどろに!?
sports-watch	1		もう一つのユーロ2012　美女ばかりの観客席には選手の彼女も!?
sports-watch	1		「アメトーーク!」“カープ芸人”の回に、広島・石井は「少し考えてほしかった」
sports-watch	1		長友明かす。代表戦前にカラオケに行った本田『これを歌わなきゃ、俺は戦えない』
sports-watch	1		WBC監督選考問題、ノムさんが推す人物は？
sports-watch	1		ユーロでも大胆不敵、″悪童″バロテッリとは何者なのか
sports-watch	1		まだまだある“キングカズ”の知られざるエピソード
sports-watch	1		阿部も頭を抱える原采配、ノムさんは「何にもするな、選手に任せておけ」
sports-watch	1		キム・ヨナ、復帰宣言は“IOC選手委員になりたいという彼女の夢”!?
sports-watch	1		“スーパー女子高生”土井、陸上界の美女アスリート市川＆木村らが意気込み語る
sports-watch	1		「跳躍系の選手に美形が多い」徳光アナ一押しの女子アスリートとは
sports-watch	1		しずちゃん、五輪挑戦を終えた現在「夜な夜なテキーラを」
sports-watch	1		競泳用水着の秘密に、体操のレオタードがハイレグの訳——、選手を支える用具のあれこれ
sports-watch	1		「説教ですよ」 なでしこ丸山、北京五輪時における澤の助言とは
sports-watch	1		長友が語る本田圭佑の面白さ「分かってないんです、周りの反応が」
sports-watch	1		U-23日本代表、まさかのドロー。セルジオ氏は「まるで高校サッカーの決勝」
sports-watch	1		宮本恒靖氏、U-23日本代表に「リスクを冒さないとダメ」
sports-watch	1		″ご立腹″の松木氏、関塚監督の采配について苦言呈す
sports-watch	1		サヨナラ負けで審判批判。高校野球部員に飲酒・喫煙疑惑も
sports-watch	1		「笑わない女王」女子柔道・中村美里の笑わないワケ
sports-watch	1		ディーン元気、やり投げの秘密 「あり得ないところまでいく」
sports-watch	1		マラソン・藤原新、躍進のきっかけは“カリスマ美女”との出会い
sports-watch	1		澤穂希、代表ユニフォームに強い想い 「最初に着替えるのは短パンから」
sports-watch	1		フジ・平井理央アナが「すぽると！」番組内で入籍＆退社を発表
sports-watch	1		川澄奈穂美が絶賛する美女選手＝「女ジダン」とは？
sports-watch	1		北京五輪でまさかの失策、G.G.佐藤の妻「一言“死にたい”って」
sports-watch	1		妹はAKB48!? 美しすぎる新体操選手＝サイード横田仁奈
sports-watch	1		北島康介、3度目の五輪は「大運動会みたいなもの」
sports-watch	1		なでしこ初戦のスタジアムに意外な事実、みのもんたは「なんで？なんでないの？」
sports-watch	1		なでしこジャパンに“意外な共通点” 18人中17人が……
sports-watch	1		U-23日本代表が大金星、加藤浩次は「選手たちに謝らないといけません」
sports-watch	1		開会式は「五輪のマークが出てきて、それがとんでもないことになる」!?
sports-watch	1		内村航平ら選手が見せる競技前のしぐさの秘密
sports-watch	1		銀メダル・三宅宏実、試合後、同じ言葉が32回飛び出した!?
sports-watch	1		競泳“銅”高校生・萩野に、松岡氏「なんでいきなり出てきた？」
sports-watch	1		柔道・平岡拓晃「みんなに申し訳ないって頭を下げた」
sports-watch	1		ロンドン五輪は、競泳・女子大生美人スイマー＝高野綾に注目
sports-watch	1		アーチェリー・3人娘、銅メダル獲得に喜びの声
sports-watch	1		柔道・海老沼、旗判定やり直しに「会場の皆さんが後押ししてくれた」
sports-watch	1		裁定が覆った柔道、加藤浩次は「会場はそれで納得したという感じ」
sports-watch	1		“岩崎恭子の再来”、天才美少女スイマーが本日登場！
sports-watch	1		柔道・西山、準々決勝で“幻の一本”に「僕はしゃべらないです」
sports-watch	1		北島に勝った立石、隣のコースは「あんま見ないようにしていました」
sports-watch	1		体操・内村の金メダルに「これほど6種目を完璧にやる選手はいない」
sports-watch	1		小倉智昭キャスター、柔道に苦言「試合がつまらない」
sports-watch	1		柔道界の現状に、古賀氏「日本の場合は先生の圧力が強い」
sports-watch	1		藤井＆垣岩ペア、準決勝がアウェーだった意外なワケ？
sports-watch	1		北島康介、獲得した銀メダルに「重さは確かに一番重い」
sports-watch	1		体操・内村航平の大技に「ウチムラ」の名前がつく!?
sports-watch	1		フェンシング・太田の無茶ぶりに三宅がギャグを披露するも——
sports-watch	1		崖っぷちから這い上がった復活のマーメイド
sports-watch	1		U-23日本代表、準決勝に散る。釜本氏は「メキシコは試合巧者」
sports-watch	1		柔道・松本薫 「男性が近寄ってこない」
sports-watch	1		体操・田中佑、兄・和仁に「予選の時はもうちょっとしっかりしてくれよって」
sports-watch	1		吉田沙保里、旗手のジンクス破る金メダル「何もいうことはない」
sports-watch	1		柔道・松本薫 「みんな、目を合わせてくれない」
sports-watch	1		イギリス中が熱狂したキュートすぎる陸上界の女王
sports-watch	1		帰国翌日には湯郷Belleの練習に参加していた宮間あや
sports-watch	1		垣岩令佳＆藤井瑞希ペア、垣岩が先輩・藤井に直してほしいこと
sports-watch	1		「日本の応援団、からきし意気地がない」 小倉アナ、五輪を振り返る
sports-watch	1		澤穂希イチオシの“ヤングなでしこ”2選手とは？
sports-watch	1		実力と美貌で、ヤングなでしこを支える3人のスター候補
sports-watch	1		プロレスラー・小橋建太が骨折しても病院に行かないワケ
sports-watch	1		柔道・平岡拓晃、試合直前に失格の危機だった!?
sports-watch	1		小原と伊調、２人の金メダリストを生み出した青森県八戸市の魅力とは
sports-watch	1		曙の恐るべき飲みっぷり。一晩で使った飲み代は「1000万くらい」
sports-watch	1		フジテレビのヤングなでしこ・ポスターに呆れた声
sports-watch	1		仲田歩夢と似ていると話題、ベンチで一際可愛いヤングなでしこ
sports-watch	1		元巨人・槙原が完全試合を達成した理由を告白、マツコは「むしろ、聞きたくなかった」
sports-watch	1		石川遼が語る「大きな進化」とは？
sports-watch	1		吉田麻也、サウサンプトンFC移籍が決定
sports-watch	1		移籍直前の吉田麻也、李忠成に「ベタ褒めしといて」
sports-watch	1		DeNA・中畑監督の“みんながノリがよくなった”改革とは？
sports-watch	1		ジーコ、本田圭佑について「私がCSKAの監督だった時・・・」